cap_diameter_cm,stem_height_cm,stem_width_mm,spore_print_color,gill_color,habitat,season,ring_type,cap_shape,stem_surface,is_poisonous
7.25,6.42,13.51,missing,missing,d,u,g,x,missing,1
6.99,7.68,18.76,missing,w,d,a,f,f,s,0
5.78,7.67,8.21,missing,r,d,u,f,c,missing,1
6.34,8.34,11.06,missing,missing,d,a,z,x,missing,1
7.01,5.67,12.78,missing,n,d,missing,f,x,missing,0
6.3,10.93,11.08,missing,w,missing,u,f,c,s,0
5.25,7.8,8.31,missing,n,g,s,missing,x,missing,0
7.7,9.69,9.49,missing,n,missing,missing,missing,x,y,1
5.77,7.94,9.6,missing,n,g,a,missing,x,missing,0
8.67,5.99,17.72,missing,o,d,a,f,s,missing,0
46.61,6.72,34.72,missing,missing,d,u,f,missing,k,0
4.02,5.75,7.35,missing,missing,g,missing,f,x,g,1
4.74,7.11,9.51,missing,y,d,a,z,missing,missing,1
5.96,5.56,9.99,missing,w,g,a,f,f,i,0
5.72,4.31,8.54,missing,g,d,u,f,f,s,0
6.43,12.95,13.39,missing,w,d,u,f,x,missing,0
4.42,6.13,8.65,missing,w,l,w,f,x,missing,0
8.23,6.23,16.39,missing,missing,d,missing,p,x,missing,0
7.59,5.1,14.4,missing,w,d,missing,f,x,y,1
4.59,5.33,6.7,missing,y,d,u,f,x,missing,0
3.04,5.07,5.63,missing,e,d,missing,f,x,missing,1
17.24,9.24,33.64,missing,n,d,w,f,s,missing,1
7.61,6.14,8.1,missing,missing,missing,missing,f,x,y,1
8.61,6.35,11.48,missing,w,missing,a,f,f,i,0
2.32,2.21,2.24,p,p,g,a,f,x,missing,1
3.93,6.37,7.57,missing,f,missing,a,f,s,missing,1
2.33,4.27,5.67,missing,k,missing,missing,f,x,s,0
16.59,7.42,18.51,missing,w,missing,u,p,f,y,0
15.03,16.71,38.19,missing,w,d,missing,g,missing,y,1
0.99,5.39,2.72,missing,n,missing,u,f,b,missing,1
4.55,5.31,6.61,missing,f,missing,missing,f,x,missing,1
4.71,6.63,7.01,missing,k,d,a,f,missing,s,0
7.47,7.35,13.71,missing,w,d,a,f,x,missing,0
8.14,7.85,18.84,missing,missing,missing,a,f,x,s,0
1.68,6.21,2.7,missing,n,m,a,f,b,missing,1
8.16,23.36,11.53,missing,missing,missing,missing,e,missing,s,0
1.86,8.22,2.51,missing,n,missing,s,e,p,t,0
8.5,7.83,15.79,missing,y,h,a,f,x,s,0
1.51,5.68,1.74,missing,missing,d,a,f,x,t,0
5.07,5.68,10.06,missing,w,missing,missing,g,x,missing,0
3.16,4.88,3.18,missing,missing,d,a,f,f,s,0
3.29,5.77,4.02,missing,u,d,a,f,x,missing,0
9.01,8.19,19.25,missing,n,d,a,p,x,missing,1
6.26,5.21,13.62,missing,missing,w,a,l,f,missing,1
11.4,2.48,14.6,missing,missing,d,a,f,f,missing,0
14.0,9.33,23.06,missing,y,d,a,f,x,missing,0
4.3,0.0,0.0,n,w,d,a,f,o,f,0
4.84,10.72,7.42,missing,missing,missing,u,f,f,g,1
4.57,5.31,6.64,missing,f,missing,a,f,s,missing,0
1.98,3.22,1.75,missing,g,d,w,f,b,missing,0
6.79,6.55,12.22,missing,g,g,u,l,x,missing,1
0.73,5.02,0.85,missing,p,h,u,f,missing,missing,0
5.55,5.87,8.9,missing,w,d,a,f,x,missing,1
2.76,6.16,3.65,missing,p,l,missing,f,s,i,0
7.57,5.66,8.25,missing,missing,d,u,f,x,missing,1
4.31,5.16,6.07,k,n,d,a,f,missing,s,0
4.83,7.92,7.33,k,r,missing,missing,z,b,missing,1
9.17,7.58,11.19,missing,missing,d,u,missing,x,i,0
6.12,7.71,7.54,missing,k,missing,missing,f,b,missing,1
9.06,7.03,35.75,missing,w,m,s,f,f,missing,1
5.84,6.05,9.71,missing,y,d,u,f,x,missing,0
4.93,4.58,8.46,missing,g,missing,a,f,missing,s,0
10.06,7.93,18.85,missing,y,d,u,p,x,missing,0
6.02,6.29,10.16,missing,missing,d,a,f,f,missing,1
10.91,8.46,25.48,missing,g,d,missing,f,x,y,0
1.75,3.86,1.42,missing,n,d,missing,f,o,missing,1
5.09,5.48,11.38,missing,n,d,u,f,x,missing,0
8.42,4.59,16.84,missing,w,d,u,f,f,missing,1
4.76,4.89,7.06,missing,n,d,a,f,x,y,1
9.26,10.56,19.29,missing,missing,d,missing,f,x,missing,1
8.57,7.6,17.54,missing,p,d,a,missing,x,i,1
1.51,3.94,2.5,missing,k,g,u,missing,x,missing,1
3.26,5.47,8.2,missing,p,d,a,z,x,missing,1
13.14,11.19,34.23,missing,w,d,u,f,x,missing,1
9.32,5.19,19.67,missing,b,missing,a,f,f,missing,0
1.18,3.4,1.46,missing,g,d,a,f,p,missing,1
0.99,3.13,1.03,missing,p,d,u,f,x,missing,0
4.46,4.91,6.4,missing,p,missing,a,z,x,missing,1
7.36,5.73,10.39,missing,w,m,u,f,f,i,0
2.62,6.44,3.25,missing,p,l,u,f,s,i,0
42.27,4.24,72.52,missing,y,d,s,f,o,k,0
52.94,8.82,32.65,missing,missing,d,s,f,o,k,0
7.41,7.57,14.04,missing,n,d,missing,f,x,missing,0
9.59,8.11,22.48,missing,n,missing,a,f,x,missing,0
2.92,7.32,3.25,missing,k,d,a,f,b,missing,1
7.11,8.54,19.13,missing,missing,d,missing,f,missing,missing,1
4.77,5.43,7.1,missing,f,missing,missing,f,s,missing,1
6.08,7.48,18.42,missing,u,d,a,f,x,missing,1
3.2,5.11,4.23,missing,y,d,missing,f,f,s,1
3.54,4.43,5.57,missing,p,d,u,f,s,missing,0
3.97,4.84,7.93,missing,y,d,missing,f,s,missing,1
13.06,7.58,17.74,missing,missing,d,u,f,x,i,1
1.68,6.92,3.43,missing,n,g,a,f,b,missing,1
9.87,8.01,21.79,missing,b,d,a,f,f,missing,0
7.41,7.96,14.07,missing,y,missing,u,missing,x,missing,0
2.79,3.95,3.49,missing,missing,m,missing,e,missing,k,1
3.5,4.23,3.33,missing,n,d,w,missing,b,missing,0
6.66,6.48,11.88,missing,o,d,a,missing,s,missing,1
1.25,1.59,2.31,missing,missing,h,missing,f,x,s,1
3.25,3.74,4.42,missing,w,g,a,f,b,missing,0
6.41,4.92,11.12,missing,n,d,a,f,x,missing,0
5.5,6.32,10.92,missing,o,missing,a,f,f,missing,0
1.52,6.04,1.98,missing,w,h,a,f,x,t,0
7.04,3.62,10.15,missing,p,missing,a,f,x,missing,0
23.08,10.37,47.1,missing,y,d,w,missing,x,missing,1
4.1,5.92,5.66,missing,missing,d,missing,f,s,missing,1
8.81,11.29,21.9,n,y,d,w,missing,x,missing,1
8.05,7.17,15.91,missing,n,missing,a,p,x,missing,0
17.0,6.8,50.33,missing,y,d,a,f,x,missing,1
5.02,2.85,7.54,missing,w,g,u,f,s,missing,1
7.8,8.17,18.84,missing,missing,d,a,f,x,missing,1
3.45,4.09,10.1,missing,y,d,a,f,x,missing,1
7.53,9.81,10.83,missing,w,d,a,f,f,i,0
2.89,4.08,3.26,missing,w,missing,u,f,b,missing,0
8.42,8.89,17.13,missing,y,d,u,f,x,missing,0
4.33,6.29,8.36,missing,o,d,w,f,f,t,1
5.88,5.64,8.12,missing,p,d,u,f,x,y,0
8.74,9.93,11.79,missing,w,missing,a,f,x,i,1
5.78,4.88,9.5,missing,n,d,a,f,x,missing,0
7.06,6.69,13.0,missing,o,d,w,f,s,missing,0
2.46,2.23,2.47,missing,n,d,a,f,x,s,1
6.33,5.72,10.96,missing,n,d,u,f,x,missing,0
2.44,3.89,2.49,missing,n,g,missing,f,x,s,0
18.47,6.92,31.34,missing,n,d,a,f,x,missing,1
6.65,5.23,17.3,missing,f,d,u,f,s,missing,0
3.38,3.91,6.38,missing,o,m,a,f,x,missing,0
1.17,3.06,1.64,missing,g,d,a,f,b,missing,0
4.07,6.11,3.63,missing,w,g,missing,r,x,y,1
8.25,8.82,16.61,missing,y,missing,a,f,missing,missing,0
4.93,6.46,7.52,missing,f,d,missing,f,missing,missing,0
6.8,8.36,17.91,missing,y,d,a,f,x,missing,0
2.01,6.2,3.66,missing,p,missing,a,missing,f,i,0
5.59,5.16,6.2,missing,n,missing,a,missing,f,i,1
4.05,5.15,6.07,missing,p,d,u,f,s,missing,0
6.49,7.09,15.38,missing,y,d,u,f,x,missing,0
6.91,8.99,12.61,missing,n,d,a,f,f,i,0
10.67,12.31,24.9,missing,missing,d,missing,f,x,y,0
4.29,0.0,0.0,n,w,missing,u,f,o,f,1
4.46,6.57,11.95,missing,w,d,missing,f,missing,missing,1
3.79,3.21,4.92,missing,f,d,u,f,x,missing,0
2.29,5.83,2.28,missing,n,d,missing,f,b,missing,0
6.69,6.72,11.97,missing,w,d,u,f,x,missing,0
4.15,7.82,7.71,missing,w,g,s,missing,x,missing,1
5.71,4.18,9.28,missing,y,missing,u,f,x,missing,0
14.3,6.74,45.1,missing,missing,d,w,f,f,missing,1
3.81,5.93,6.9,missing,n,d,a,f,f,s,0
1.52,4.87,2.35,missing,k,g,w,f,x,missing,0
4.57,3.64,6.57,missing,w,missing,a,f,x,missing,0
3.8,4.83,4.99,missing,n,missing,a,z,x,y,1
0.5,2.96,0.75,missing,y,missing,a,f,x,missing,1
1.72,3.32,1.37,missing,w,d,missing,f,missing,missing,1
7.86,4.4,15.14,missing,w,missing,a,f,x,missing,0
1.54,3.5,1.66,missing,missing,missing,missing,f,x,t,0
4.1,5.99,9.22,missing,o,d,a,f,x,missing,0
7.18,8.98,28.99,missing,w,d,s,f,f,missing,0
9.4,5.59,16.66,missing,u,d,a,f,f,missing,0
7.92,9.64,15.64,w,w,missing,w,missing,x,i,0
2.98,5.35,6.56,missing,f,missing,a,f,s,missing,0
4.57,3.85,6.59,missing,w,missing,w,f,x,missing,0
6.53,5.51,9.04,missing,p,d,u,f,missing,y,0
7.49,6.4,12.85,missing,y,d,a,f,f,y,1
3.7,4.4,3.78,missing,p,l,a,f,missing,missing,1
8.0,9.3,13.67,missing,y,d,a,f,f,i,0
4.84,0.0,0.0,n,w,d,u,f,o,f,1
7.54,5.7,14.31,missing,y,d,a,missing,x,missing,0
7.38,3.28,8.86,missing,p,d,missing,missing,s,missing,0
13.26,9.71,23.37,missing,missing,d,u,f,x,missing,0
7.29,6.8,13.65,missing,y,d,a,f,x,missing,0
6.57,5.33,10.49,missing,g,d,u,f,missing,s,0
4.94,6.2,7.52,missing,o,d,w,f,missing,t,0
6.43,6.94,11.29,missing,o,d,u,f,s,missing,0
6.79,5.69,12.17,missing,o,d,u,f,s,missing,1
6.46,6.67,14.86,missing,w,d,u,f,f,missing,1
3.7,6.05,4.83,missing,n,d,w,l,x,t,0
3.0,4.33,3.46,missing,w,missing,u,e,b,missing,1
8.46,7.37,17.17,missing,w,d,a,g,x,missing,1
1.07,3.93,5.78,missing,f,missing,a,f,missing,missing,1
13.55,7.35,35.46,missing,y,missing,missing,f,o,k,0
2.85,7.7,3.25,missing,p,h,u,f,f,i,0
13.74,8.6,27.21,missing,missing,d,a,f,x,missing,1
14.13,12.18,38.37,missing,w,missing,u,f,x,missing,1
1.96,3.51,1.72,missing,missing,d,s,f,x,missing,0
4.54,5.22,6.59,missing,w,missing,a,f,x,missing,1
6.56,5.68,11.78,missing,missing,missing,a,f,x,missing,0
7.31,7.77,13.75,missing,missing,d,a,missing,x,i,0
2.63,4.08,2.91,missing,n,missing,u,f,b,missing,1
8.29,7.07,15.33,missing,w,d,u,g,f,missing,1
7.28,6.8,13.62,w,w,missing,a,missing,f,i,0
9.32,8.14,22.65,n,missing,missing,w,missing,x,missing,1
3.87,4.18,5.53,missing,p,g,a,f,f,missing,1
6.02,6.31,10.17,missing,n,d,a,f,s,missing,0
5.45,5.83,8.73,missing,n,d,a,f,x,missing,0
3.6,5.1,5.88,missing,u,l,a,f,f,s,1
12.44,7.0,15.42,missing,w,d,u,e,f,missing,1
8.56,9.65,17.63,missing,w,g,a,missing,x,missing,0
2.88,6.32,4.8,missing,p,h,u,f,f,i,0
3.25,3.99,4.53,missing,p,g,a,f,x,missing,1
5.99,6.24,11.6,missing,w,d,missing,f,f,s,0
7.69,8.94,14.92,missing,p,d,a,p,p,y,0
8.59,7.87,17.62,missing,b,d,a,f,s,missing,0
6.09,6.82,13.55,missing,w,d,u,g,x,missing,0
8.85,8.58,15.18,missing,missing,missing,missing,p,p,y,1
12.17,10.6,15.62,missing,w,d,a,g,x,missing,0
6.07,5.21,6.43,missing,n,d,missing,r,x,s,0
9.65,5.69,20.85,missing,f,d,missing,f,missing,missing,0
2.38,2.65,2.35,missing,g,g,a,f,b,missing,1
7.13,6.57,12.39,missing,missing,m,missing,e,f,missing,0
7.7,5.96,14.77,missing,w,d,u,f,x,missing,0
5.13,3.16,5.32,missing,n,d,u,f,f,k,1
2.04,3.89,2.58,missing,w,g,u,f,x,missing,1
3.24,3.13,3.86,missing,g,d,u,f,b,s,1
4.09,5.01,3.36,missing,p,g,a,missing,b,i,1
17.09,6.92,23.38,w,y,d,missing,f,x,missing,0
1.66,3.01,1.29,missing,g,d,u,f,b,missing,1
3.54,5.78,2.52,missing,k,missing,u,f,b,missing,0
0.71,3.61,2.26,missing,g,g,a,f,b,missing,1
8.45,6.94,16.94,missing,w,d,u,missing,x,missing,1
5.01,4.67,8.93,missing,missing,d,a,f,x,missing,0
8.2,9.48,16.5,missing,n,m,a,l,f,missing,0
6.87,18.33,12.84,missing,p,u,a,e,f,s,1
5.9,10.19,12.11,missing,w,g,missing,z,p,s,1
5.61,3.93,12.1,missing,p,w,u,l,f,missing,0
5.4,5.15,13.45,missing,f,d,a,f,s,missing,0
1.84,3.46,1.55,missing,n,d,a,f,missing,missing,1
6.96,7.16,15.62,missing,r,d,a,missing,x,y,1
7.98,6.82,15.68,missing,n,d,u,p,x,missing,0
6.6,1.17,14.25,missing,o,d,a,f,o,missing,1
3.95,6.22,7.17,missing,o,d,w,f,x,t,0
6.08,6.98,10.53,missing,missing,l,w,f,f,s,0
6.89,5.76,11.34,missing,w,d,u,f,f,s,0
7.64,11.33,14.89,missing,w,missing,a,e,f,missing,1
3.62,5.78,4.66,missing,missing,missing,u,f,b,s,1
0.64,0.0,0.0,missing,f,d,w,f,o,f,1
7.08,6.34,13.59,missing,missing,d,u,f,x,missing,0
3.81,4.59,4.3,missing,g,d,a,f,b,missing,0
3.6,4.71,4.6,missing,e,d,missing,f,f,missing,1
10.23,5.29,22.42,missing,b,d,missing,missing,f,missing,1
6.95,7.75,12.74,missing,missing,d,u,f,x,i,0
7.36,6.84,13.86,missing,b,missing,a,f,f,missing,0
10.22,9.92,23.14,missing,y,d,u,f,x,missing,0
20.07,7.04,38.11,missing,y,d,missing,f,s,missing,0
9.08,5.81,13.04,missing,missing,d,u,f,x,missing,0
7.72,8.13,14.97,missing,y,missing,u,missing,x,missing,0
6.56,5.94,6.3,missing,n,d,missing,r,x,y,0
9.05,7.23,16.39,missing,w,d,s,f,f,missing,0
9.53,7.5,12.5,missing,missing,g,a,f,x,s,0
4.45,4.96,6.37,u,missing,d,u,e,missing,y,0
3.34,4.28,3.43,missing,w,h,a,r,x,y,1
2.72,5.85,3.0,missing,k,d,s,f,b,missing,1
7.13,7.19,13.21,missing,w,missing,a,f,p,missing,1
1.79,4.21,1.48,missing,n,d,s,f,b,t,1
3.87,5.49,5.16,missing,n,d,w,l,x,t,0
5.2,4.37,7.54,missing,w,missing,missing,f,s,s,0
6.12,6.11,10.41,missing,w,m,u,f,f,missing,0
1.67,5.07,2.58,missing,g,g,u,f,x,missing,0
8.03,6.57,12.52,missing,missing,missing,a,f,x,s,0
8.85,4.81,25.49,missing,w,missing,missing,f,o,missing,0
3.18,3.96,3.45,missing,w,m,missing,missing,b,k,1
1.63,3.99,2.61,missing,missing,g,u,f,x,t,0
8.56,9.37,33.01,missing,w,d,s,f,x,missing,0
9.3,6.09,23.28,missing,missing,d,missing,e,f,missing,0
9.25,6.76,19.65,missing,w,missing,u,missing,f,s,0
7.58,5.89,14.42,missing,missing,d,missing,f,x,missing,0
3.61,4.47,2.69,missing,missing,missing,u,f,x,h,1
5.62,5.06,10.13,missing,p,missing,a,missing,x,y,0
1.27,4.68,2.39,missing,missing,m,a,f,b,missing,1
5.97,7.95,9.6,missing,y,d,a,z,x,missing,1
21.05,9.0,34.45,missing,n,d,a,f,f,missing,1
5.3,10.66,13.61,missing,w,d,missing,g,x,missing,1
11.0,12.4,26.1,missing,g,d,missing,f,x,y,0
4.16,5.07,5.76,missing,b,d,a,f,s,missing,1
3.66,6.33,4.75,missing,e,missing,u,f,f,missing,1
3.55,6.79,4.55,missing,u,missing,u,f,b,s,1
4.91,0.0,0.0,n,w,d,missing,f,o,f,1
7.35,6.83,13.81,missing,b,m,w,f,x,missing,0
2.88,4.21,3.24,missing,p,l,missing,f,s,i,0
6.99,19.32,13.22,missing,k,d,u,e,missing,s,1
5.21,5.12,8.1,missing,n,missing,u,f,x,missing,0
5.71,3.61,9.24,missing,w,d,a,f,x,missing,0
4.38,4.26,6.2,missing,y,missing,a,f,f,missing,1
54.81,7.99,25.02,missing,y,d,u,f,o,k,0
18.64,7.13,24.39,w,y,d,missing,missing,x,missing,0
3.18,8.41,5.94,missing,p,d,u,f,missing,missing,1
6.44,3.32,8.79,missing,p,g,u,f,s,missing,1
10.68,10.66,24.81,missing,g,d,a,f,x,y,0
6.52,6.41,11.48,missing,n,d,u,f,x,missing,0
8.35,8.21,10.58,missing,missing,d,s,f,missing,i,0
3.68,5.04,5.63,missing,n,d,a,z,x,missing,1
12.07,4.78,35.07,missing,y,d,a,f,x,missing,1
10.22,10.59,23.19,missing,missing,d,a,f,x,missing,0
5.66,5.48,12.01,missing,o,missing,a,f,f,missing,0
3.0,5.84,2.17,missing,n,d,u,f,b,missing,0
4.94,5.28,6.56,missing,y,missing,u,f,f,missing,0
8.56,7.23,17.47,missing,w,missing,missing,f,x,missing,0
10.89,8.47,25.39,missing,missing,d,missing,f,s,missing,0
5.88,5.47,7.35,missing,g,missing,missing,f,f,missing,0
2.43,4.74,2.49,missing,missing,d,w,f,f,missing,0
2.56,4.48,5.4,missing,r,m,a,f,b,t,1
1.48,4.84,2.45,k,n,missing,missing,f,x,s,0
5.26,6.86,13.3,missing,missing,d,a,missing,x,missing,0
10.09,7.26,18.43,missing,y,d,a,f,x,i,1
6.97,5.6,12.68,missing,missing,d,missing,f,s,missing,1
11.86,7.28,17.06,missing,g,m,a,l,p,missing,0
6.23,6.66,12.75,missing,o,d,w,f,o,missing,1
12.32,8.14,18.0,missing,p,d,u,f,x,i,0
11.99,6.58,18.65,w,missing,d,u,f,f,missing,0
5.2,5.75,20.01,missing,f,d,s,f,c,missing,0
4.96,5.55,7.54,missing,w,h,a,f,s,s,0
2.98,4.15,4.77,missing,e,missing,missing,missing,x,missing,0
12.22,5.97,23.43,missing,missing,d,w,f,x,missing,0
7.24,6.9,10.15,missing,missing,l,a,f,f,s,0
10.4,9.55,19.64,missing,missing,d,a,f,x,missing,1
4.13,9.84,5.82,k,k,g,u,missing,b,missing,1
7.12,6.72,13.17,missing,n,h,a,f,x,missing,0
9.66,6.81,14.0,missing,n,h,u,f,f,missing,1
4.18,4.67,5.77,missing,n,d,a,missing,x,y,0
5.84,6.05,9.71,missing,missing,d,a,f,f,missing,0
5.75,5.24,9.44,missing,w,d,u,f,missing,i,0
3.74,2.55,4.79,missing,w,g,a,f,missing,missing,0
5.28,5.22,8.28,missing,g,d,missing,f,x,missing,0
12.9,12.86,80.81,missing,w,missing,a,f,x,missing,0
6.49,6.45,11.71,missing,y,d,u,f,x,missing,0
6.68,20.16,12.34,missing,missing,d,w,e,f,missing,0
8.56,6.92,29.52,missing,w,m,s,f,x,missing,0
9.37,6.77,20.02,missing,g,g,w,f,f,missing,0
5.29,6.81,7.41,missing,y,g,a,f,x,missing,1
7.19,5.93,13.32,missing,w,d,u,g,x,missing,0
7.08,6.7,13.06,missing,w,d,missing,e,b,y,1
3.76,4.91,25.41,missing,f,missing,missing,missing,o,g,1
21.35,19.99,84.12,missing,missing,d,u,f,x,missing,0
1.91,3.56,1.65,missing,g,d,s,f,b,missing,0
6.58,2.63,11.37,missing,missing,d,a,missing,x,missing,1
2.66,5.95,2.89,missing,n,m,s,f,b,missing,1
6.78,4.45,12.06,missing,k,m,u,e,missing,missing,0
6.18,7.34,5.77,missing,missing,d,a,l,x,t,0
5.94,4.98,15.57,missing,w,missing,a,f,x,y,0
6.87,7.07,14.2,missing,y,d,missing,f,x,missing,0
3.75,4.58,6.77,missing,o,missing,w,f,x,missing,0
2.15,5.96,2.05,missing,w,g,u,f,missing,t,0
7.65,5.93,17.05,missing,w,missing,u,missing,x,missing,0
8.57,5.94,17.4,missing,o,d,a,f,s,missing,0
7.11,4.0,15.22,missing,w,d,missing,f,f,missing,0
11.45,5.91,18.65,missing,missing,d,u,f,s,missing,0
7.07,4.73,12.86,missing,missing,w,u,r,x,missing,0
4.78,4.55,7.1,missing,w,missing,a,f,f,missing,1
5.15,5.88,15.27,missing,f,d,missing,f,x,missing,0
6.19,5.11,9.76,missing,y,l,a,f,f,missing,1
7.89,11.0,16.75,missing,w,d,a,g,f,missing,1
20.72,12.25,69.67,missing,missing,d,a,f,missing,missing,0
3.64,7.16,6.37,missing,k,d,u,f,b,missing,0
8.6,16.05,20.9,missing,p,d,a,f,b,missing,1
0.84,2.86,2.28,missing,g,m,a,f,b,missing,1
3.92,5.37,5.31,missing,u,l,a,f,s,s,0
7.74,8.07,8.17,missing,k,g,u,z,x,missing,1
6.89,11.61,12.71,missing,missing,d,a,f,c,s,0
3.77,5.07,5.71,n,e,d,missing,f,x,missing,1
11.25,7.79,26.64,missing,missing,missing,s,f,f,missing,0
3.02,3.89,2.52,missing,n,g,a,f,b,missing,1
3.08,6.15,7.1,missing,n,d,a,f,missing,s,0
0.67,3.11,0.97,missing,w,d,missing,f,f,missing,0
15.66,6.06,38.51,missing,missing,d,missing,f,s,k,1
48.76,6.42,42.49,missing,y,d,missing,f,o,missing,0
7.66,3.57,9.19,missing,p,d,a,f,x,missing,0
4.17,4.92,3.6,missing,n,m,u,e,b,k,1
8.78,10.45,34.35,missing,w,d,a,f,x,missing,0
3.4,7.29,4.26,missing,missing,d,a,f,f,missing,0
2.49,4.25,2.57,missing,p,missing,u,f,s,h,1
4.0,4.5,5.4,missing,missing,d,u,f,s,s,1
6.43,5.01,11.17,missing,missing,g,a,f,x,s,0
9.13,9.24,19.27,missing,u,d,a,f,x,missing,1
1.59,4.77,1.42,missing,n,d,w,f,o,missing,1
8.44,7.36,17.11,missing,w,d,missing,f,missing,s,0
9.38,9.31,24.81,missing,missing,d,u,f,f,s,0
2.46,3.79,2.52,missing,w,g,missing,f,s,h,1
7.44,1.4,13.55,missing,y,d,a,f,o,missing,1
7.76,7.03,15.02,missing,w,d,a,missing,missing,missing,0
7.52,4.73,10.51,missing,missing,d,w,f,f,missing,1
9.88,7.4,20.96,missing,g,d,missing,f,f,missing,1
7.85,10.81,15.5,missing,w,missing,a,g,x,missing,1
7.71,7.0,13.03,missing,w,d,u,f,x,missing,0
1.33,3.52,0.85,missing,p,d,missing,f,x,h,1
9.65,12.34,21.34,missing,w,d,a,f,x,s,0
10.6,9.2,14.5,missing,missing,missing,a,g,f,missing,1
11.84,5.85,26.1,missing,y,d,a,f,s,missing,1
10.8,4.91,24.7,missing,f,p,a,f,o,g,1
5.6,5.68,9.07,missing,g,d,s,f,f,s,0
7.82,1.39,14.62,missing,y,d,a,f,o,missing,1
3.32,4.1,6.7,missing,e,m,a,f,missing,missing,0
6.14,6.02,12.59,missing,w,missing,u,g,x,missing,0
7.59,10.65,24.01,missing,g,d,a,f,x,y,0
3.84,4.43,3.35,missing,missing,missing,a,f,b,missing,0
4.21,5.31,6.59,missing,missing,d,w,f,x,t,0
3.15,8.49,3.82,missing,p,missing,a,f,s,i,0
0.75,3.49,0.71,missing,y,d,a,f,x,missing,1
3.16,4.05,5.08,missing,e,d,a,f,x,missing,1
7.87,5.88,14.11,missing,missing,d,a,missing,f,missing,0
12.62,6.78,14.16,missing,missing,missing,missing,g,x,missing,1
4.48,5.26,6.45,missing,n,d,a,f,x,s,0
3.71,4.56,6.69,missing,p,d,u,f,f,missing,0
6.45,6.37,11.3,missing,n,d,a,f,x,missing,0
5.82,6.01,9.65,missing,r,d,missing,f,x,missing,0
5.98,5.4,10.02,missing,g,d,u,f,b,s,0
3.98,4.95,5.37,missing,y,d,w,f,f,missing,0
9.7,11.25,22.59,missing,u,d,a,f,x,missing,1
1.74,3.33,1.4,missing,w,l,missing,f,x,missing,1
7.08,5.49,12.98,missing,o,missing,u,f,s,missing,0
4.72,4.44,6.95,missing,g,missing,a,f,s,t,1
9.62,7.41,17.65,missing,y,d,a,f,x,missing,1
7.82,1.39,14.62,missing,y,missing,a,f,o,missing,1
8.75,8.02,18.14,missing,missing,d,a,p,x,missing,0
3.94,3.86,5.24,n,e,d,a,f,x,missing,1
7.07,5.95,12.37,missing,y,missing,a,f,x,missing,0
8.05,8.2,22.86,missing,missing,missing,a,f,s,missing,0
3.61,4.04,2.89,p,p,missing,missing,f,x,missing,1
2.86,8.77,3.28,missing,y,g,a,f,c,missing,1
12.32,6.42,30.5,missing,missing,missing,w,f,s,missing,0
15.15,5.76,26.25,missing,y,d,missing,f,f,missing,1
1.88,3.45,1.61,missing,g,l,missing,f,c,missing,1
5.45,4.85,7.71,missing,w,h,missing,f,s,s,0
3.41,4.01,4.37,n,missing,d,missing,f,x,missing,0
3.27,2.57,3.89,missing,r,d,a,f,x,missing,1
8.91,7.58,18.62,missing,g,g,a,f,missing,missing,0
2.35,1.75,2.28,missing,n,h,u,f,x,s,1
7.65,7.6,30.04,missing,w,d,s,f,x,missing,1
12.48,8.45,21.84,missing,w,d,a,f,x,missing,0
3.16,9.23,29.4,g,f,l,a,f,s,missing,0
0.86,2.76,1.41,missing,missing,missing,w,f,p,missing,0
3.02,3.88,2.5,missing,k,d,u,f,b,missing,0
3.54,5.45,7.0,missing,r,missing,u,f,x,missing,0
8.65,6.85,17.72,missing,f,d,u,f,x,missing,0
12.42,7.91,21.47,missing,n,g,a,f,f,missing,1
8.38,10.1,17.08,missing,w,d,missing,g,f,missing,1
10.84,5.17,24.87,missing,w,missing,missing,f,s,missing,0
5.84,6.05,9.71,missing,missing,d,a,f,b,missing,1
3.08,8.03,6.25,missing,missing,g,w,missing,b,missing,1
3.59,0.0,0.0,missing,f,d,missing,f,o,f,1
5.65,3.32,9.06,missing,missing,g,u,missing,x,missing,0
5.87,6.06,9.77,missing,missing,d,u,f,x,y,0
3.05,3.24,13.84,missing,f,d,u,f,o,missing,1
2.8,2.82,5.56,missing,missing,h,a,f,x,missing,1
3.72,4.78,4.83,missing,n,missing,missing,l,x,t,0
12.02,2.54,15.56,missing,w,d,a,f,f,missing,0
12.12,9.61,18.0,missing,w,d,w,missing,x,missing,0
8.35,7.0,14.92,missing,y,d,u,missing,x,missing,0
12.77,6.27,32.21,missing,w,missing,w,f,x,missing,1
5.28,5.23,6.42,missing,missing,missing,u,f,s,missing,1
5.88,6.41,12.37,missing,w,d,a,g,x,missing,0
8.21,8.2,16.46,missing,y,d,missing,f,x,missing,0
2.48,3.07,5.26,missing,y,m,a,f,missing,missing,1
3.19,3.68,5.85,missing,missing,missing,u,f,f,missing,0
2.69,4.27,2.69,missing,w,missing,a,f,x,h,1
4.64,3.88,6.74,missing,w,g,missing,f,x,missing,0
5.25,5.71,8.23,missing,w,g,a,f,s,missing,0
4.22,3.92,5.83,missing,p,d,missing,f,s,missing,0
8.35,4.79,15.31,missing,w,d,missing,f,f,missing,0
8.87,18.06,18.97,missing,k,d,a,f,b,missing,1
1.45,5.56,1.03,missing,w,h,a,missing,f,missing,0
11.78,9.46,22.92,missing,y,d,a,f,x,missing,0
10.48,8.23,23.55,missing,f,missing,s,f,o,missing,1
5.77,6.01,9.52,missing,y,missing,u,missing,x,y,1
3.98,6.12,6.79,k,missing,d,u,f,x,s,0
9.48,6.28,13.76,missing,n,g,a,e,missing,missing,0
4.49,15.11,6.7,missing,missing,d,a,f,x,g,1
8.75,5.09,17.89,missing,o,missing,a,f,s,missing,0
3.27,4.82,4.9,missing,w,h,a,r,x,y,1
19.14,15.68,34.24,missing,w,d,u,f,p,y,0
2.73,4.11,3.49,missing,n,p,a,f,c,i,0
6.48,6.39,11.39,missing,n,m,a,e,missing,missing,0
5.8,9.52,9.72,missing,k,d,s,z,b,missing,1
7.1,8.09,15.12,missing,p,d,a,missing,s,missing,1
4.47,6.19,6.46,missing,n,d,a,r,x,s,0
10.8,9.65,36.4,missing,w,d,a,f,x,missing,1
4.04,0.0,0.0,missing,f,d,s,f,o,f,1
2.87,2.73,7.92,missing,w,g,u,f,f,missing,1
4.88,3.02,7.24,missing,w,missing,u,f,s,missing,1
2.44,4.82,2.5,k,k,missing,u,f,x,s,0
14.36,10.59,18.16,missing,missing,g,a,missing,x,missing,0
5.62,4.75,7.39,missing,w,l,missing,f,s,s,0
5.63,7.61,8.03,missing,g,missing,a,f,b,missing,1
4.65,5.79,6.85,missing,g,g,u,f,b,missing,1
7.34,11.7,25.21,missing,g,d,u,f,x,y,0
8.88,6.86,13.38,missing,y,d,u,f,f,missing,1
7.16,5.6,13.21,missing,r,d,u,f,x,missing,1
5.44,5.45,8.67,missing,w,d,a,f,s,s,0
4.61,7.63,8.33,missing,missing,d,a,missing,x,missing,0
2.97,4.66,4.39,k,r,d,w,z,x,missing,1
0.97,3.42,1.47,missing,g,missing,s,f,missing,missing,0
8.55,7.41,17.45,missing,y,d,u,f,missing,missing,0
19.04,30.86,22.87,missing,missing,missing,missing,m,f,missing,0
8.01,6.14,23.05,missing,missing,d,missing,e,x,missing,0
6.04,6.01,8.32,missing,w,missing,a,f,f,s,0
11.32,8.63,26.99,missing,w,d,missing,e,x,missing,0
5.71,7.09,9.23,missing,w,l,w,f,f,s,1
1.45,3.3,1.33,missing,missing,d,s,f,b,t,1
4.18,6.53,6.55,missing,f,d,a,f,s,missing,0
6.6,7.55,13.73,missing,y,missing,missing,missing,x,missing,0
5.77,5.93,9.51,missing,w,d,u,g,x,missing,0
7.06,4.04,12.8,missing,missing,d,u,f,x,missing,0
4.05,5.4,11.96,missing,n,d,u,f,x,missing,0
14.17,15.77,15.98,missing,missing,d,w,p,f,y,0
7.29,6.33,14.05,missing,y,missing,u,f,x,missing,0
8.75,4.98,12.74,missing,o,missing,missing,f,s,missing,1
7.54,6.92,14.37,missing,y,d,u,missing,missing,missing,0
23.98,13.01,87.75,missing,y,d,a,f,p,missing,0
7.36,6.32,10.52,missing,w,missing,a,f,f,i,0
7.64,6.84,16.61,missing,w,missing,a,f,x,missing,0
7.74,5.31,13.24,missing,n,m,a,e,f,missing,0
1.51,3.68,1.99,missing,w,g,u,f,x,t,0
1.55,2.3,2.51,missing,n,d,u,f,x,s,1
10.79,7.6,20.8,missing,b,l,a,f,s,missing,0
10.93,11.26,25.74,missing,g,d,u,f,x,y,0
5.57,5.79,9.02,missing,w,m,u,f,f,i,0
8.78,7.83,18.21,missing,y,d,missing,f,missing,i,1
4.03,5.32,12.41,missing,missing,d,s,f,c,missing,1
43.7,5.46,26.63,missing,y,missing,missing,f,o,k,0
10.03,7.43,17.81,missing,w,d,missing,g,x,missing,0
6.76,13.88,12.42,missing,w,d,u,missing,missing,s,1
3.74,5.94,8.92,missing,f,d,a,f,s,missing,0
6.34,6.62,12.56,missing,missing,m,u,e,x,missing,0
3.17,4.95,3.78,missing,missing,d,u,f,x,missing,1
4.61,4.29,6.7,k,k,d,u,f,f,s,0
5.21,7.66,8.21,k,n,g,u,z,x,i,1
5.34,6.61,8.48,missing,r,d,u,f,c,missing,1
4.75,0.0,0.0,missing,f,d,missing,f,o,f,1
5.84,6.05,9.71,missing,f,d,u,f,missing,missing,0
5.06,5.61,7.79,missing,r,missing,u,f,x,missing,0
2.56,3.98,2.68,missing,k,g,missing,f,b,missing,0
9.77,17.68,13.17,missing,w,g,missing,e,missing,s,0
7.07,7.93,13.07,missing,w,missing,a,f,x,missing,0
5.05,5.28,13.29,missing,y,missing,u,f,x,missing,0
2.41,8.32,3.23,missing,n,g,u,f,f,missing,1
2.05,3.59,1.86,missing,g,d,u,f,c,missing,0
21.29,8.69,71.98,missing,missing,d,missing,f,missing,missing,1
5.93,3.98,9.81,missing,missing,missing,u,f,x,missing,0
3.5,5.68,5.98,missing,o,missing,w,f,f,t,0
1.31,2.29,2.52,missing,n,d,missing,f,missing,s,1
6.0,6.79,9.61,missing,w,h,u,f,s,s,0
10.77,11.13,15.34,missing,w,d,u,p,f,missing,0
3.47,4.62,4.35,missing,y,d,w,f,x,s,1
12.17,8.05,16.49,missing,g,m,missing,l,missing,missing,1
8.11,12.87,11.9,missing,w,missing,missing,l,b,y,1
8.6,9.7,28.63,missing,w,d,u,f,x,missing,0
53.09,7.44,20.59,missing,y,missing,u,f,o,k,1
8.02,6.84,15.78,missing,missing,d,a,f,x,missing,1
4.8,7.21,12.89,missing,y,g,missing,f,c,missing,1
10.27,9.35,23.26,missing,y,d,missing,missing,x,missing,1
3.08,3.26,9.7,missing,w,g,missing,f,f,missing,1
8.21,7.48,14.98,missing,y,d,u,f,s,missing,1
5.22,5.1,12.22,missing,b,d,a,f,f,missing,1
2.78,6.62,5.4,missing,w,d,w,missing,x,missing,0
7.86,7.49,17.86,missing,f,d,u,f,f,missing,0
6.32,4.8,10.88,missing,missing,g,a,f,x,s,0
3.67,7.6,6.84,missing,n,d,a,missing,x,missing,0
6.93,6.62,12.61,missing,w,d,a,g,x,missing,0
5.46,3.54,7.48,missing,o,missing,missing,f,s,missing,1
1.17,3.2,0.65,missing,y,missing,u,f,x,missing,1
10.23,5.27,16.34,missing,o,d,a,f,s,missing,0
19.57,8.03,25.43,missing,y,missing,w,f,f,missing,0
22.39,13.87,78.96,missing,missing,d,a,f,p,missing,0
8.66,7.46,17.79,missing,w,missing,missing,f,x,missing,1
4.84,6.73,7.3,missing,n,d,a,f,x,s,0
6.48,5.61,11.34,missing,n,missing,u,f,x,missing,0
8.41,10.18,13.69,missing,missing,d,a,f,f,i,0
9.15,6.65,13.05,missing,w,h,a,f,x,i,1
8.22,5.54,23.47,missing,w,missing,s,f,f,missing,1
4.03,6.03,3.69,missing,g,d,u,f,f,s,0
8.82,10.86,18.51,missing,missing,d,missing,e,x,missing,1
3.08,3.64,3.17,missing,w,m,a,e,f,k,1
4.33,7.86,6.2,missing,w,missing,w,f,f,s,1
6.75,3.12,11.89,missing,g,d,a,f,x,missing,1
2.43,5.02,2.49,missing,missing,g,missing,f,f,missing,0
2.45,4.3,3.4,missing,w,d,missing,f,c,i,1
7.18,6.44,11.75,missing,b,m,missing,f,x,missing,0
6.67,7.31,11.95,missing,w,missing,a,f,missing,s,1
3.32,9.65,33.33,missing,missing,l,w,f,o,missing,0
3.13,2.4,3.63,missing,f,missing,a,missing,s,missing,1
11.89,7.41,24.41,missing,w,l,a,f,s,missing,0
1.23,2.88,0.71,missing,y,d,a,f,x,missing,0
4.99,3.07,7.49,missing,w,g,u,f,x,missing,1
12.09,11.15,15.99,missing,w,d,a,g,f,missing,0
0.64,0.0,0.0,missing,missing,d,a,f,o,f,1
9.34,8.53,16.52,missing,p,missing,missing,p,missing,y,0
5.98,6.12,10.06,missing,n,d,u,f,f,missing,1
15.6,18.06,40.91,missing,w,d,missing,missing,f,y,1
4.2,3.12,5.76,missing,missing,d,u,f,f,k,1
7.0,5.85,16.02,missing,missing,missing,w,f,s,missing,1
13.02,7.25,23.71,missing,w,l,a,f,x,missing,0
8.91,7.21,16.25,missing,g,g,u,l,x,missing,1
6.07,4.86,9.73,missing,g,d,a,f,b,s,0
4.9,2.85,7.26,missing,w,g,u,missing,x,missing,1
6.25,5.6,7.89,missing,w,h,a,f,s,missing,0
8.06,7.96,13.06,missing,w,g,missing,f,p,missing,0
5.94,5.66,10.56,missing,w,l,w,f,x,missing,1
3.11,4.37,3.65,missing,n,d,a,f,x,missing,0
10.49,5.24,17.13,missing,missing,d,missing,f,s,k,1
6.97,5.26,13.74,missing,r,d,a,f,x,y,1
5.19,3.48,7.99,missing,p,g,a,f,s,missing,1
6.34,5.98,13.51,missing,y,d,missing,f,x,i,1
15.21,6.4,42.25,missing,missing,d,missing,f,o,k,0
5.88,6.06,9.81,missing,missing,d,u,f,x,i,0
1.95,2.58,2.17,p,w,missing,missing,f,f,missing,0
4.03,3.07,5.4,missing,o,h,missing,f,x,missing,1
9.92,8.73,17.87,missing,missing,d,a,p,missing,y,0
11.77,7.01,17.51,missing,o,d,a,f,s,missing,0
6.97,8.34,13.13,missing,k,g,u,z,x,i,1
7.41,6.73,13.74,missing,missing,d,u,f,p,missing,0
6.92,6.62,12.6,missing,p,d,s,e,f,s,0
2.4,4.43,3.72,missing,p,l,missing,f,missing,missing,1
7.65,6.98,14.69,missing,y,missing,u,missing,x,missing,0
4.47,8.95,6.53,k,missing,missing,w,missing,b,missing,1
6.01,5.3,10.1,missing,g,d,missing,f,b,s,0
8.42,6.73,18.07,missing,missing,d,a,f,f,missing,0
3.64,4.26,3.43,missing,w,d,a,r,x,y,1
8.57,6.31,17.43,missing,b,l,w,f,f,missing,0
10.91,6.23,25.25,missing,p,d,u,f,missing,missing,0
8.67,8.79,15.63,w,w,d,missing,missing,x,i,0
3.63,4.54,4.66,missing,e,d,a,f,x,missing,1
6.36,6.33,11.07,missing,n,d,u,f,x,missing,0
4.65,6.19,9.8,missing,n,d,a,z,x,missing,1
51.88,7.0,37.62,missing,y,d,missing,f,o,k,0
6.75,7.43,12.17,missing,y,d,w,f,f,s,1
4.91,0.0,0.0,n,w,d,missing,f,o,f,1
2.84,4.42,6.26,missing,e,g,a,f,missing,missing,0
8.53,6.77,11.9,missing,y,missing,missing,f,x,s,0
4.39,4.2,4.84,missing,w,d,a,f,s,missing,1
6.52,5.34,34.53,g,f,d,u,f,o,missing,0
1.08,3.07,1.61,missing,missing,missing,u,missing,missing,missing,1
5.72,7.63,8.93,missing,g,d,a,z,x,missing,1
4.33,5.52,7.35,missing,missing,g,a,f,x,g,1
6.03,5.74,10.16,missing,p,missing,u,f,x,y,0
3.99,3.47,5.34,missing,f,d,a,f,missing,g,1
4.1,2.96,5.53,missing,missing,d,a,f,s,missing,1
5.77,5.93,9.51,missing,b,missing,u,f,s,missing,1
5.27,3.89,8.48,missing,p,missing,u,f,x,y,0
2.3,4.26,3.28,missing,missing,d,s,missing,b,missing,1
5.52,5.81,8.67,missing,missing,d,u,f,s,missing,1
4.59,6.03,9.44,missing,w,g,a,missing,x,missing,0
12.47,8.38,25.09,n,o,d,u,r,x,missing,1
2.48,7.13,2.6,missing,n,g,u,f,f,missing,1
5.08,4.67,7.64,missing,missing,d,u,missing,x,missing,1
8.24,7.95,16.52,missing,w,d,missing,p,x,y,1
3.13,4.16,8.9,missing,n,d,missing,f,x,missing,0
18.95,22.98,18.71,missing,w,m,missing,m,p,missing,1
13.86,2.65,17.27,missing,missing,d,w,f,f,missing,0
5.92,3.53,9.75,missing,missing,g,missing,f,s,missing,0
4.04,9.54,7.78,r,k,d,missing,z,x,missing,1
9.09,9.75,19.31,missing,missing,missing,a,f,x,missing,1
4.48,5.65,7.71,missing,r,d,u,f,x,missing,0
4.25,4.35,7.53,missing,w,m,missing,f,f,missing,0
6.19,6.24,10.62,missing,e,d,a,f,x,missing,0
2.62,3.58,2.54,p,p,g,a,f,x,missing,1
8.23,6.0,8.31,missing,n,d,a,f,x,y,1
6.85,6.58,13.87,missing,missing,d,u,g,x,missing,0
1.92,5.05,1.69,missing,g,d,missing,f,c,missing,1
6.32,7.68,18.8,missing,f,d,missing,f,p,missing,0
4.75,5.46,20.42,missing,f,d,s,f,o,missing,0
5.01,5.65,11.72,missing,w,missing,a,g,x,missing,0
7.61,7.1,13.11,missing,y,g,a,f,x,s,0
7.47,7.82,17.05,missing,y,d,a,f,f,y,0
10.09,10.05,30.33,missing,w,d,a,f,x,missing,1
7.3,9.71,13.83,missing,n,d,a,f,f,t,0
4.27,5.34,11.2,missing,missing,d,missing,f,missing,missing,1
13.26,10.84,16.54,missing,w,d,missing,e,x,missing,0
14.66,5.49,39.53,missing,y,missing,w,missing,missing,missing,1
5.64,7.22,9.24,missing,y,d,missing,z,x,missing,1
11.18,6.74,26.27,missing,missing,d,a,f,s,missing,0
5.77,4.98,13.31,missing,missing,d,a,f,missing,i,1
10.83,6.47,23.8,missing,w,d,a,e,x,missing,0
10.05,8.57,16.57,missing,p,d,a,l,x,y,1
10.67,7.65,9.67,missing,p,d,s,f,x,i,0
1.52,4.67,2.43,missing,k,g,s,f,x,missing,0
17.17,7.07,23.55,missing,k,d,u,f,x,missing,0
9.65,11.25,20.62,missing,w,d,a,g,x,missing,1
4.56,6.53,11.79,missing,n,w,a,l,f,missing,0
3.71,5.99,7.59,missing,o,d,a,f,x,t,1
5.49,5.53,8.81,missing,r,d,u,missing,x,missing,0
0.85,2.77,1.38,missing,g,d,a,f,b,missing,1
6.67,13.56,6.75,missing,w,missing,a,f,f,g,1
2.77,4.5,9.73,missing,n,d,a,missing,x,missing,0
2.99,5.34,6.52,missing,w,missing,missing,f,s,missing,1
3.81,5.93,3.49,missing,n,d,u,f,missing,missing,0
3.08,3.1,5.84,missing,w,m,w,f,f,missing,0
7.87,15.69,15.73,missing,w,d,missing,p,x,y,1
6.04,6.15,10.21,missing,o,d,u,f,x,missing,0
4.9,7.12,7.97,missing,r,d,missing,f,c,missing,1
10.41,5.91,23.47,missing,p,missing,missing,f,s,missing,1
6.42,5.63,14.07,missing,w,d,a,f,s,missing,0
8.73,6.15,10.52,p,p,d,u,f,x,i,0
4.65,4.34,6.78,missing,n,d,u,f,s,missing,1
7.31,8.17,22.49,missing,missing,d,missing,f,s,missing,0
3.68,6.16,9.74,missing,n,d,u,z,x,missing,1
4.12,3.63,5.6,missing,n,missing,u,f,f,k,1
7.14,6.44,13.2,missing,y,d,a,f,x,missing,0
7.5,8.98,12.65,missing,n,d,a,f,f,i,0
5.85,8.67,9.82,missing,w,d,s,f,x,i,0
4.74,6.67,6.93,missing,r,l,u,missing,x,missing,0
6.56,7.18,13.56,missing,w,d,u,f,x,s,0
5.14,5.85,20.42,missing,f,l,s,f,c,missing,0
6.07,6.94,5.34,missing,n,d,missing,l,x,t,0
3.81,5.02,5.48,missing,r,d,missing,f,x,missing,0
4.99,11.08,49.98,missing,f,l,u,f,s,missing,0
0.64,0.0,0.0,missing,w,d,a,f,o,f,1
5.91,6.08,9.87,missing,w,d,a,e,b,y,1
4.42,8.12,7.99,missing,missing,d,a,missing,x,missing,0
5.14,8.23,8.06,missing,n,d,a,z,x,i,1
1.5,4.24,1.08,missing,p,d,missing,f,x,h,1
13.4,17.95,17.14,missing,missing,d,missing,p,x,y,1
2.98,0.0,0.0,missing,f,d,s,f,o,f,1
3.01,3.82,2.39,missing,w,g,missing,f,s,missing,1
3.83,4.2,9.72,missing,y,d,a,missing,x,missing,0
10.09,10.02,22.7,missing,g,d,a,f,x,y,0
17.54,10.68,28.1,missing,missing,d,w,missing,x,missing,0
14.2,5.06,27.51,missing,b,d,missing,f,f,missing,0
4.56,5.25,6.62,missing,missing,d,missing,missing,b,i,1
1.26,3.6,0.76,missing,y,d,u,f,x,missing,1
3.21,8.56,3.93,missing,p,l,missing,f,f,i,0
8.26,7.08,16.55,missing,w,d,a,f,f,s,0
6.57,13.0,11.88,missing,y,d,u,missing,x,y,1
3.16,4.41,3.75,missing,missing,d,u,e,b,k,1
6.18,6.5,10.6,missing,y,missing,u,f,missing,missing,1
7.22,4.42,13.29,missing,p,w,u,l,f,missing,0
7.53,8.67,14.43,missing,missing,d,a,f,x,missing,0
6.67,12.29,26.95,missing,g,d,u,f,x,missing,0
3.96,6.02,8.28,missing,o,d,a,f,x,t,0
5.48,7.91,20.15,missing,f,d,s,f,c,missing,0
4.12,6.6,7.0,missing,r,l,missing,f,x,missing,0
4.65,6.21,7.58,missing,r,d,missing,f,missing,missing,1
18.59,9.44,35.83,missing,w,d,a,f,x,y,0
4.16,6.63,4.66,missing,p,g,u,f,b,i,1
8.43,9.85,17.23,missing,w,d,missing,missing,x,missing,0
4.59,0.0,0.0,n,w,d,u,f,o,f,1
8.26,7.28,16.56,missing,missing,missing,w,f,f,missing,0
6.24,13.04,10.98,missing,missing,d,u,missing,x,y,1
11.0,6.59,20.79,missing,n,missing,u,f,x,missing,0
7.28,5.94,9.43,missing,missing,d,a,f,f,i,0
7.01,7.51,12.9,missing,w,missing,u,f,p,missing,0
2.17,3.68,2.05,missing,g,d,missing,f,b,s,1
6.85,6.29,12.37,missing,y,d,a,missing,x,missing,0
7.11,8.24,13.2,missing,y,d,a,f,missing,s,0
4.13,4.6,5.67,missing,missing,d,u,z,x,missing,1
0.81,5.13,0.9,missing,w,missing,u,f,f,missing,1
10.34,5.47,23.16,missing,y,d,s,f,o,k,0
7.75,8.67,15.08,missing,p,l,a,l,missing,y,0
7.09,7.37,16.39,missing,y,missing,u,f,x,missing,0
0.57,3.26,0.77,missing,missing,d,a,f,x,missing,1
9.16,7.69,19.41,missing,b,missing,a,f,f,missing,0
13.9,8.65,27.59,w,missing,d,u,missing,s,missing,0
8.54,7.84,14.5,missing,missing,d,u,f,s,missing,1
12.76,6.71,25.54,missing,w,d,missing,f,s,missing,0
4.13,4.85,5.69,missing,g,d,missing,f,s,s,1
7.19,7.29,17.04,missing,w,d,w,f,x,missing,1
16.88,10.73,50.4,missing,missing,d,s,f,o,k,0
5.49,6.57,8.86,missing,w,l,w,f,f,s,0
7.44,10.76,14.26,missing,w,d,missing,g,f,missing,1
9.51,7.34,9.25,p,p,missing,s,f,x,i,0
3.11,4.66,4.6,missing,p,missing,a,z,x,missing,1
8.14,6.01,9.82,missing,missing,d,a,f,f,missing,1
5.73,5.97,9.41,missing,w,g,a,f,f,i,0
4.54,5.17,6.58,missing,missing,d,u,f,f,missing,1
7.62,5.79,11.42,missing,w,d,a,g,x,missing,0
5.18,5.81,6.02,missing,missing,m,a,f,b,missing,0
6.41,5.16,6.27,missing,g,d,a,f,x,y,1
10.38,9.11,20.61,missing,p,d,a,l,x,y,0
5.64,3.79,9.09,missing,missing,d,a,f,x,missing,0
7.75,5.76,8.7,k,missing,missing,a,missing,missing,i,1
7.33,6.67,10.82,missing,w,missing,u,f,f,i,0
8.1,6.76,18.47,missing,w,d,u,f,x,missing,1
4.69,3.94,6.86,missing,n,d,a,f,f,missing,1
5.07,3.8,13.91,missing,r,d,a,f,x,missing,1
2.5,4.65,2.59,missing,p,g,u,f,s,h,0
8.04,7.78,15.9,missing,y,d,missing,missing,x,missing,0
6.81,6.56,12.29,missing,w,d,a,f,f,i,1
6.98,6.66,12.77,missing,b,m,a,f,f,missing,0
6.38,5.95,12.8,missing,y,d,u,f,x,missing,0
9.09,11.34,19.42,missing,w,missing,a,f,x,s,0
5.8,4.44,9.52,missing,o,d,a,missing,x,missing,0
0.64,0.0,0.0,n,missing,d,a,f,o,f,1
5.86,4.11,9.65,missing,n,d,a,f,x,missing,0
7.08,5.65,26.27,missing,w,d,u,missing,x,missing,0
5.25,4.7,4.73,missing,n,d,a,l,x,t,0
12.51,10.12,25.57,missing,missing,d,w,f,s,missing,0
1.39,4.76,1.38,missing,missing,missing,a,f,c,missing,0
8.93,5.97,24.3,missing,w,d,missing,e,f,missing,0
8.78,5.84,18.06,missing,w,d,missing,f,x,missing,1
8.34,7.19,16.07,missing,y,d,missing,f,o,missing,1
3.02,9.08,2.5,k,missing,missing,u,f,b,missing,0
2.89,3.05,13.32,missing,f,d,a,f,o,g,0
1.37,3.8,0.91,missing,p,d,missing,f,x,missing,1
6.86,3.87,14.41,missing,w,d,a,missing,f,missing,0
4.72,6.52,3.63,missing,w,missing,u,f,x,missing,0
4.78,5.44,7.12,missing,k,g,a,missing,b,missing,1
7.03,8.57,12.99,missing,y,h,a,f,x,s,0
7.15,6.82,13.25,missing,w,g,a,f,p,missing,1
8.55,7.26,16.49,missing,n,d,a,p,x,missing,0
3.77,4.82,4.94,missing,f,d,a,f,f,missing,0
4.33,3.65,11.14,missing,f,d,a,missing,f,missing,0
17.93,8.65,26.01,w,k,d,a,f,x,missing,0
0.95,6.3,0.98,missing,w,d,a,f,missing,missing,0
4.41,4.18,6.21,missing,n,d,w,z,x,y,1
7.96,7.13,15.64,missing,w,d,u,f,x,missing,0
1.72,3.92,2.48,missing,missing,d,missing,f,x,missing,0
9.77,7.9,21.45,missing,g,d,a,missing,s,missing,0
1.73,5.35,2.14,missing,missing,missing,u,f,b,s,0
2.91,3.6,3.61,missing,n,d,a,f,c,i,1
6.9,7.38,12.58,missing,p,d,u,f,missing,missing,0
1.65,3.56,1.77,missing,missing,missing,a,f,c,missing,0
7.12,4.47,12.6,missing,n,w,a,r,f,missing,0
8.76,8.98,18.21,missing,y,d,a,p,x,missing,0
6.08,14.1,7.25,missing,w,d,missing,f,x,g,1
13.39,9.25,27.07,missing,e,missing,a,f,x,missing,1
7.33,3.71,10.42,missing,w,d,a,f,s,missing,0
8.12,8.42,16.18,missing,y,d,u,f,x,missing,0
8.73,5.0,15.19,missing,n,m,u,r,p,missing,0
9.35,10.55,30.43,missing,p,d,missing,f,x,missing,1
7.78,7.49,13.45,missing,w,g,u,f,p,missing,0
10.44,4.9,16.27,missing,w,d,missing,f,x,missing,1
8.66,5.76,16.61,missing,o,d,a,f,s,missing,0
8.19,5.87,17.73,missing,w,d,u,f,x,missing,1
5.79,4.34,11.16,missing,n,w,missing,l,f,missing,0
12.53,17.74,13.13,missing,w,u,s,e,p,s,0
2.7,3.98,2.92,missing,missing,g,u,f,b,missing,0
4.33,5.17,6.12,missing,w,missing,s,r,x,s,0
3.47,5.51,7.2,missing,o,d,w,f,x,missing,0
5.84,6.05,9.71,missing,w,d,missing,f,missing,s,0
5.74,7.03,10.68,missing,w,l,w,f,x,s,0
20.28,18.31,67.38,missing,y,d,u,f,p,missing,1
11.39,8.36,23.59,missing,w,missing,missing,f,x,missing,0
5.92,7.69,58.22,missing,f,l,w,f,s,missing,0
18.99,17.82,36.49,missing,n,missing,a,f,x,y,0
10.67,7.44,17.22,missing,y,d,u,f,x,i,1
5.12,6.71,7.97,missing,missing,d,u,f,c,missing,1
8.35,6.98,16.79,missing,missing,d,a,f,f,s,0
2.79,4.15,3.08,missing,n,d,u,f,b,missing,0
4.91,7.03,7.49,missing,f,d,a,missing,s,missing,0
6.13,9.97,10.6,missing,w,d,a,f,f,i,1
6.78,6.66,12.2,missing,missing,d,a,f,x,missing,0
8.36,10.07,17.02,missing,w,g,a,missing,missing,missing,0
3.1,6.05,3.68,missing,w,d,u,r,x,y,1
7.3,6.81,13.68,missing,y,d,w,f,f,missing,0
6.08,13.06,13.51,missing,w,d,u,f,f,g,1
1.42,4.8,1.5,missing,missing,l,u,f,c,missing,0
7.88,8.04,7.86,missing,k,d,missing,z,x,i,1
3.67,4.72,4.73,missing,w,d,u,r,x,y,0
9.88,11.64,22.06,missing,y,missing,a,r,x,missing,1
7.49,5.61,11.06,missing,missing,missing,a,f,b,s,0
6.57,5.05,10.68,missing,g,d,u,f,b,s,0
1.38,3.41,1.49,missing,n,d,missing,f,x,missing,1
3.7,0.0,0.0,missing,f,d,s,f,o,f,1
8.19,6.2,16.26,missing,missing,d,u,f,x,missing,1
15.58,7.18,16.86,missing,missing,g,a,missing,x,missing,0
1.62,3.82,2.27,missing,k,g,u,f,f,missing,0
8.08,7.99,14.06,missing,missing,d,u,p,p,y,1
3.12,6.05,3.71,missing,w,d,missing,r,x,y,1
6.79,4.44,12.09,missing,w,d,missing,f,s,t,0
6.67,2.27,11.58,missing,w,d,a,f,x,missing,1
5.04,6.35,10.98,missing,o,m,missing,f,x,missing,0
8.91,10.04,18.76,missing,n,missing,missing,l,missing,missing,0
10.91,8.04,22.21,missing,y,missing,missing,f,x,missing,0
8.44,2.6,16.64,missing,w,d,a,f,f,missing,0
3.01,3.12,3.43,missing,n,p,a,f,f,i,1
6.87,10.61,12.64,missing,w,d,a,f,x,i,1
7.52,6.92,14.33,w,w,d,u,missing,f,i,1
4.76,6.51,11.73,missing,missing,g,missing,f,c,missing,1
7.0,7.82,12.87,missing,y,d,u,missing,x,missing,1
2.97,7.91,4.07,missing,missing,d,missing,missing,f,missing,1
5.06,6.04,7.79,missing,o,d,w,f,f,t,0
1.46,3.88,1.02,missing,n,missing,a,f,x,h,1
2.88,7.87,3.3,missing,n,g,a,f,c,missing,1
7.23,10.01,13.63,missing,n,d,a,missing,f,t,0
2.27,4.39,5.6,missing,p,d,missing,f,s,missing,1
3.03,3.93,3.49,missing,w,p,u,missing,c,i,0
6.35,5.84,8.86,missing,p,d,w,f,x,i,0
8.3,5.97,16.57,missing,missing,d,u,f,s,missing,1
6.38,4.84,8.7,missing,missing,d,a,f,x,y,0
4.41,4.03,6.25,missing,missing,d,missing,f,f,missing,1
6.99,2.74,12.5,missing,r,d,a,f,x,missing,1
7.39,7.57,13.98,missing,missing,missing,a,l,x,missing,1
2.83,4.58,10.75,missing,n,d,missing,f,x,missing,0
11.15,8.56,26.34,missing,w,d,missing,f,s,missing,0
17.76,5.65,27.13,missing,missing,missing,a,f,s,missing,1
8.0,10.94,15.94,missing,w,d,u,missing,f,missing,1
2.45,5.22,2.53,missing,n,g,missing,f,x,missing,1
5.77,5.02,8.96,missing,missing,missing,a,f,f,missing,0
6.29,7.46,9.87,missing,missing,missing,a,z,x,missing,1
11.33,5.15,26.61,missing,w,l,a,f,s,missing,1
11.58,9.48,22.99,missing,y,d,missing,f,x,missing,0
8.71,8.82,18.06,missing,p,missing,a,l,p,missing,0
2.09,5.83,1.96,missing,w,g,a,f,x,t,0
4.91,5.99,12.26,missing,o,g,missing,f,s,missing,0
2.05,5.93,1.9,missing,w,missing,missing,f,x,t,0
5.76,4.04,4.03,missing,n,d,w,l,x,t,1
4.09,5.64,5.62,missing,u,l,u,f,b,s,1
6.59,8.28,15.21,missing,w,d,missing,p,x,y,1
3.42,5.12,4.03,missing,y,d,w,missing,x,k,0
1.39,3.29,5.2,missing,f,d,missing,f,s,missing,1
2.63,4.84,2.82,missing,p,h,a,f,f,i,0
4.4,6.32,3.88,missing,u,d,missing,f,f,missing,0
8.34,5.76,16.69,missing,o,d,missing,f,s,missing,0
8.38,6.41,16.85,missing,w,d,u,f,f,missing,1
11.15,8.28,24.1,missing,w,d,a,e,f,missing,0
3.45,4.87,4.3,missing,missing,d,u,f,b,s,0
10.5,10.83,24.17,missing,g,d,missing,f,x,y,0
3.74,5.89,4.91,missing,y,l,missing,f,f,missing,1
5.76,8.11,17.69,missing,y,missing,u,f,x,missing,1
1.59,5.12,2.65,missing,k,d,missing,f,missing,missing,0
7.98,6.1,15.63,missing,w,d,u,f,x,s,0
6.24,5.68,10.17,missing,g,d,u,f,f,s,0
6.71,6.13,20.85,missing,f,l,s,f,o,missing,0
4.93,5.09,7.46,missing,w,d,u,f,x,missing,1
6.66,6.48,11.87,missing,p,w,u,r,f,missing,0
7.84,6.93,15.25,missing,missing,d,a,f,x,missing,0
3.79,4.01,5.46,missing,n,missing,w,z,x,y,1
5.42,5.81,8.66,missing,p,d,a,f,s,missing,0
12.55,13.9,31.03,missing,w,d,missing,f,p,y,0
8.58,7.07,15.37,missing,w,missing,a,f,p,missing,0
7.43,8.51,14.13,missing,w,d,a,f,s,missing,0
6.88,5.07,12.4,missing,y,missing,missing,f,f,i,1
8.33,5.35,12.09,missing,missing,d,a,f,x,missing,0
15.95,6.06,55.58,missing,y,missing,a,f,x,missing,1
5.56,5.71,8.98,missing,w,m,missing,f,f,i,0
5.26,6.09,6.06,missing,r,d,missing,f,c,missing,1
4.91,6.29,7.46,missing,n,d,u,missing,c,missing,1
15.04,26.58,18.58,missing,w,d,u,m,p,missing,0
13.46,5.1,25.07,missing,b,d,missing,f,s,missing,1
2.66,3.24,3.64,missing,n,p,u,f,c,i,1
6.62,4.84,7.36,missing,o,missing,a,f,missing,missing,1
3.18,8.16,3.86,missing,p,l,a,f,x,missing,0
11.62,5.62,27.75,missing,w,d,missing,f,s,missing,1
2.02,5.33,1.84,missing,n,d,u,f,x,missing,1
6.51,5.92,21.15,missing,f,l,missing,f,p,missing,0
9.98,9.25,16.87,w,missing,d,a,missing,f,i,0
7.57,7.18,14.49,missing,y,d,missing,f,f,y,1
13.27,19.74,17.27,missing,missing,d,a,m,f,missing,0
7.78,6.25,13.27,missing,missing,d,a,f,x,missing,0
5.98,4.18,9.95,missing,y,d,a,f,missing,missing,0
4.1,6.25,10.35,missing,missing,g,u,f,c,missing,1
0.64,0.0,0.0,missing,f,missing,a,f,missing,f,1
2.31,7.13,2.32,missing,w,d,u,f,x,missing,1
3.62,5.3,4.66,missing,n,d,a,l,x,t,0
5.76,6.13,10.06,missing,w,l,a,f,x,s,1
6.9,5.19,8.88,missing,missing,l,u,f,f,i,0
6.28,5.41,13.79,missing,p,missing,u,e,x,missing,0
5.19,5.66,19.28,missing,f,l,s,f,c,missing,0
1.31,3.54,1.72,missing,w,d,u,f,x,t,0
3.91,5.58,5.24,missing,missing,d,a,f,x,missing,0
6.26,14.22,11.07,missing,w,u,u,e,p,s,0
7.77,8.17,15.61,missing,y,d,a,f,x,missing,0
8.1,4.77,15.88,missing,w,d,u,f,f,missing,0
4.47,6.78,4.68,missing,g,d,s,f,f,s,0
6.97,5.26,12.01,missing,b,d,a,f,s,missing,0
7.6,6.9,17.69,missing,missing,missing,u,f,x,s,0
12.0,6.21,24.78,missing,w,d,a,f,s,missing,0
6.41,6.35,11.19,missing,g,g,u,missing,missing,s,1
6.73,5.61,10.96,missing,missing,l,a,f,f,i,0
4.66,6.57,6.89,missing,r,l,a,f,x,missing,0
7.91,6.88,16.16,missing,y,d,u,missing,x,missing,0
1.67,3.39,1.49,missing,g,l,a,f,c,missing,0
8.12,11.18,25.66,missing,g,d,a,f,missing,y,0
3.31,6.61,4.08,missing,w,d,u,f,f,missing,0
8.92,20.95,12.94,missing,p,g,a,e,f,s,0
6.32,8.54,11.97,missing,u,d,a,f,x,missing,1
3.06,6.29,2.89,missing,k,d,s,f,b,missing,0
9.27,7.74,19.77,missing,missing,m,a,m,p,missing,0
7.2,10.62,13.57,missing,w,g,a,z,p,s,1
3.91,4.91,5.23,missing,u,missing,a,f,x,missing,0
6.88,6.59,12.48,missing,w,d,a,f,x,missing,0
3.5,4.91,7.3,missing,w,missing,a,f,f,missing,1
2.08,5.15,1.94,missing,missing,d,missing,f,b,s,1
8.99,5.03,19.02,missing,b,d,a,f,f,missing,0
7.92,5.08,14.59,missing,w,d,a,missing,missing,missing,0
6.3,8.67,8.65,missing,n,missing,u,missing,x,y,1
2.9,4.13,3.28,missing,g,missing,s,f,f,s,1
5.37,5.35,8.5,missing,missing,l,missing,f,s,s,0
13.12,8.25,24.21,missing,y,d,u,f,x,missing,0
3.95,4.86,6.92,missing,p,d,u,f,s,missing,0
5.64,5.47,9.02,missing,f,l,s,f,p,missing,0
9.24,5.15,19.45,w,y,d,w,f,x,missing,0
7.62,7.63,11.05,p,p,d,w,f,x,i,0
4.61,10.93,11.03,missing,w,d,a,f,c,s,0
1.02,6.04,1.17,missing,missing,h,a,f,x,missing,0
2.9,5.83,3.31,missing,g,d,u,f,b,s,0
3.87,4.66,6.1,n,e,d,missing,f,x,missing,1
5.12,7.7,8.0,missing,w,missing,a,missing,x,missing,0
2.09,3.43,3.48,missing,n,p,a,f,f,i,1
2.8,3.91,6.03,missing,missing,m,w,f,x,missing,0
4.45,4.07,6.33,missing,y,d,s,f,o,k,0
4.56,0.0,0.0,missing,f,missing,s,f,o,f,1
4.85,5.04,7.26,missing,y,d,u,f,f,missing,0
5.29,6.24,8.34,missing,r,d,a,f,missing,missing,0
19.32,15.51,33.37,missing,n,d,missing,f,missing,y,0
12.44,7.55,31.1,missing,o,d,u,f,x,missing,1
2.19,0.0,0.0,n,w,missing,u,f,missing,f,0
3.5,5.21,6.14,missing,missing,missing,a,f,x,missing,0
5.34,5.77,8.46,missing,missing,g,a,f,x,g,1
6.28,5.71,10.81,missing,w,d,a,g,missing,missing,0
5.84,8.38,9.79,missing,n,d,a,z,x,missing,1
5.57,4.98,5.61,missing,n,d,u,missing,x,missing,0
1.63,6.65,2.45,missing,missing,g,u,f,x,missing,0
9.31,7.34,17.12,missing,w,d,missing,g,f,missing,0
46.68,5.87,36.92,missing,y,d,s,f,o,k,0
1.4,6.15,2.27,missing,w,g,u,f,x,t,0
7.13,6.72,13.19,missing,f,d,u,f,s,missing,0
4.38,3.81,6.18,missing,y,d,u,f,s,missing,1
9.55,7.29,16.86,missing,o,d,u,f,s,missing,0
1.46,4.97,2.24,missing,g,d,w,f,x,missing,1
1.19,3.66,5.36,missing,f,d,a,f,x,missing,1
0.71,5.0,1.11,w,o,g,missing,f,x,missing,1
4.62,5.35,6.77,missing,missing,d,u,f,x,missing,0
8.5,18.2,17.76,missing,missing,d,w,g,f,y,1
11.51,5.25,27.31,missing,n,l,a,f,s,missing,1
11.0,6.11,25.57,missing,w,d,missing,e,x,missing,0
1.42,5.19,0.99,missing,missing,h,u,f,f,missing,0
4.99,5.02,47.69,missing,f,l,a,f,s,missing,0
3.82,4.85,5.05,missing,y,missing,a,f,f,missing,1
7.22,4.79,11.16,missing,p,d,missing,f,f,missing,1
3.44,6.18,7.55,missing,f,d,missing,f,s,missing,0
4.19,3.51,5.76,missing,w,m,a,f,x,missing,0
11.27,8.48,25.69,missing,w,missing,w,e,f,missing,0
5.9,7.18,7.13,missing,r,missing,a,f,c,missing,1
3.23,4.32,3.54,missing,n,d,w,f,b,missing,0
4.51,5.63,6.53,missing,r,missing,missing,f,missing,missing,0
0.88,3.01,1.35,missing,g,d,s,f,b,missing,0
4.39,5.75,6.28,missing,y,d,u,missing,x,i,1
7.06,9.34,13.11,missing,y,d,a,f,f,t,0
2.32,6.33,2.33,missing,w,d,a,f,missing,t,0
2.49,4.37,2.57,missing,w,g,missing,missing,b,missing,0
3.31,5.13,5.86,missing,missing,g,w,f,f,missing,0
6.11,9.04,10.52,missing,y,d,a,missing,x,y,1
5.55,5.76,8.47,missing,w,missing,w,f,missing,s,0
6.65,4.27,8.68,missing,p,d,w,f,f,missing,1
11.98,5.38,16.66,missing,o,d,a,f,s,missing,0
4.36,0.0,0.0,n,missing,d,u,f,missing,f,1
1.65,4.65,1.3,missing,g,d,u,f,c,missing,0
7.29,6.8,13.66,missing,missing,d,a,f,s,missing,1
11.45,12.11,27.73,missing,g,d,u,f,x,y,0
12.84,5.93,21.66,missing,b,d,a,f,f,missing,0
18.65,18.71,78.85,missing,w,d,a,f,x,missing,0
7.92,4.55,11.45,missing,k,g,u,e,missing,missing,0
7.1,7.54,12.07,missing,missing,g,u,f,x,s,0
10.59,7.89,21.05,missing,b,d,a,f,f,missing,0
2.68,4.32,3.48,missing,w,p,missing,missing,c,i,1
10.29,8.12,22.68,missing,w,l,a,f,x,missing,0
6.66,6.45,6.18,missing,b,missing,u,f,s,missing,1
10.16,8.93,22.88,missing,y,d,u,f,x,missing,1
5.29,8.11,8.41,missing,w,g,u,missing,x,missing,0
6.94,6.48,11.92,missing,missing,g,a,f,x,missing,0
2.09,3.76,3.64,missing,w,p,u,f,c,i,1
6.3,8.13,10.98,missing,n,missing,a,f,s,missing,1
3.87,5.68,3.44,missing,missing,g,missing,r,x,y,1
10.51,6.47,12.25,missing,w,d,missing,g,x,missing,1
9.11,5.09,16.84,missing,o,d,u,missing,s,missing,0
6.01,5.74,10.12,missing,w,l,a,f,f,i,0
8.24,7.84,16.89,missing,y,missing,u,f,x,missing,0
4.36,3.19,6.1,missing,p,g,u,f,x,missing,0
3.77,5.06,5.7,k,n,d,a,f,f,s,0
9.16,4.96,19.87,missing,missing,d,a,f,f,missing,0
1.5,5.99,1.91,missing,w,h,missing,f,x,t,0
3.18,7.41,16.2,missing,f,d,u,missing,o,g,1
7.43,8.25,14.89,missing,w,d,a,p,x,y,1
5.68,6.76,9.32,missing,o,d,a,f,f,t,0
3.27,4.63,10.4,missing,y,d,missing,f,x,missing,0
4.1,3.85,8.74,missing,o,d,u,f,x,missing,0
3.02,5.47,3.51,missing,w,missing,a,missing,missing,y,1
12.57,13.87,35.24,missing,w,d,a,missing,x,missing,1
2.86,3.4,5.93,missing,missing,m,a,f,x,missing,0
8.35,6.36,20.48,missing,n,d,missing,f,f,missing,0
2.71,8.07,3.22,missing,p,missing,a,f,s,i,0
7.78,2.39,9.64,missing,w,d,a,f,f,missing,0
4.04,4.15,5.46,missing,n,d,a,e,x,missing,1
8.37,7.54,10.34,missing,w,missing,u,f,x,i,0
10.87,8.44,25.33,missing,y,d,a,f,s,missing,0
4.12,5.92,4.57,missing,u,missing,a,f,b,s,1
7.95,7.13,15.61,missing,y,d,a,missing,missing,missing,0
5.47,4.51,8.15,missing,w,d,w,r,x,y,0
7.82,7.06,15.2,missing,w,d,a,f,f,missing,0
3.89,6.19,6.25,missing,missing,missing,a,f,f,missing,1
2.55,6.29,2.71,missing,k,d,missing,f,b,missing,0
6.44,7.49,11.33,missing,w,missing,a,f,x,s,0
3.14,5.7,5.47,missing,missing,l,a,f,b,s,0
6.07,4.91,10.22,missing,missing,missing,a,f,x,y,0
6.39,3.91,10.98,missing,missing,d,u,f,x,missing,0
20.37,19.89,68.81,missing,w,d,a,f,missing,missing,0
8.64,6.05,17.65,missing,missing,d,a,f,s,missing,0
1.78,5.34,2.27,missing,g,d,u,f,b,s,0
13.1,9.34,33.89,missing,w,d,a,f,missing,y,0
6.45,8.29,22.91,missing,g,d,a,f,x,y,0
12.32,12.88,35.03,missing,w,missing,missing,f,x,missing,1
6.81,5.11,12.19,missing,n,m,u,e,p,missing,0
6.23,6.62,10.72,k,missing,d,a,f,x,s,0
1.7,1.89,2.32,missing,missing,h,a,f,x,s,1
8.14,4.72,15.99,missing,missing,missing,u,f,f,missing,0
1.48,1.69,2.28,missing,missing,h,u,missing,x,s,1
4.8,7.85,7.08,missing,y,d,s,f,f,s,0
0.95,4.55,1.43,missing,missing,d,missing,f,x,h,1
6.6,6.35,11.22,missing,n,d,u,missing,x,y,1
8.2,7.24,16.36,missing,w,g,u,f,p,missing,1
3.47,4.67,6.56,missing,p,d,u,f,f,missing,0
2.92,3.16,5.65,missing,missing,m,a,f,x,missing,1
8.06,6.76,13.55,missing,g,d,u,f,s,t,1
4.21,4.85,6.37,missing,p,missing,a,f,s,missing,0
3.78,4.64,3.22,missing,missing,d,u,f,f,i,1
7.41,5.08,13.89,missing,f,missing,missing,f,f,missing,0
4.03,7.42,58.14,g,f,d,w,f,o,missing,0
2.48,3.92,2.55,missing,n,m,missing,e,p,missing,1
7.76,6.44,11.8,missing,y,d,a,f,x,missing,0
5.87,6.17,10.28,missing,missing,d,u,missing,b,s,0
6.16,6.82,5.51,missing,n,d,u,l,x,t,1
17.72,8.39,25.97,missing,missing,missing,missing,f,f,missing,0
20.98,16.92,82.25,missing,missing,d,a,f,missing,missing,0
7.52,8.54,12.24,missing,y,d,missing,f,f,t,0
11.58,7.54,27.84,missing,w,missing,missing,e,x,missing,0
3.09,3.99,9.19,missing,missing,d,missing,f,x,missing,0
5.92,5.88,9.9,missing,w,l,u,f,f,i,0
5.37,5.42,6.45,missing,y,d,u,missing,x,i,1
14.88,8.11,41.11,missing,y,d,u,f,o,k,0
7.47,7.07,14.19,missing,y,d,a,f,x,missing,0
11.06,8.52,26.03,missing,w,m,s,f,x,missing,0
8.33,6.31,17.27,missing,o,missing,a,missing,s,missing,0
5.07,7.04,14.4,missing,y,d,a,f,x,missing,0
4.96,7.59,53.48,missing,missing,l,a,f,s,missing,0
10.79,12.09,25.29,missing,g,d,a,f,missing,y,0
2.56,4.83,6.63,missing,missing,d,u,f,f,missing,0
3.09,3.32,6.22,missing,n,d,u,f,f,missing,1
4.64,6.48,6.85,missing,n,missing,u,f,c,missing,1
4.37,3.96,6.15,missing,n,d,u,e,b,k,1
8.58,6.9,17.51,missing,y,d,u,p,x,missing,0
3.72,4.12,6.17,missing,w,g,a,f,x,missing,0
4.74,6.73,7.08,k,n,missing,missing,f,f,s,1
3.49,5.07,3.43,missing,w,h,a,r,x,missing,1
2.88,4.21,3.24,missing,w,missing,a,missing,f,s,1
6.28,7.72,11.83,missing,w,d,a,p,x,y,1
4.82,5.17,19.49,missing,missing,missing,missing,missing,o,missing,0
4.71,6.56,7.53,missing,r,l,a,f,x,missing,0
10.22,4.75,22.85,missing,missing,l,a,f,f,missing,1
19.28,25.76,20.92,missing,w,d,u,m,p,missing,0
2.1,6.94,1.99,missing,missing,g,missing,f,x,t,0
4.27,12.04,7.17,k,n,g,a,missing,b,missing,1
10.69,4.63,21.69,missing,b,g,u,f,x,missing,1
12.23,10.33,30.56,missing,w,d,missing,f,x,missing,1
8.36,4.25,16.62,missing,w,d,a,f,f,missing,0
6.24,3.59,8.82,missing,w,missing,a,f,x,missing,1
3.42,4.09,9.61,missing,y,d,a,f,x,missing,0
18.69,8.52,25.74,w,y,d,u,f,f,missing,0
5.0,7.19,5.54,missing,w,d,w,f,f,k,0
4.24,5.12,5.93,missing,w,missing,a,f,x,missing,1
19.02,19.14,36.91,missing,w,d,u,f,missing,y,0
10.01,6.77,22.8,missing,n,d,a,f,f,missing,0
6.76,6.53,12.15,missing,n,w,u,missing,x,missing,0
7.0,6.15,12.79,missing,w,d,u,g,x,missing,0
5.69,4.29,13.33,missing,y,d,a,f,s,missing,1
7.6,7.66,19.74,missing,p,d,w,f,missing,missing,0
2.76,4.14,3.02,p,p,g,u,f,f,missing,1
4.29,4.7,6.02,missing,r,d,u,f,f,t,1
7.65,5.02,14.56,missing,y,d,a,f,f,missing,1
2.6,3.73,3.55,missing,n,p,a,f,f,i,1
2.24,3.73,2.15,missing,g,d,missing,f,missing,s,1
6.15,7.11,13.15,missing,r,d,u,f,missing,missing,1
1.41,5.82,2.33,missing,w,d,u,f,x,t,0
1.76,5.43,2.97,missing,missing,d,a,f,b,missing,1
3.74,8.85,4.45,missing,p,d,a,f,f,missing,1
3.52,4.64,10.44,missing,n,missing,a,f,x,missing,0
11.64,10.51,17.89,missing,w,missing,u,g,f,missing,0
1.81,4.8,1.47,missing,g,l,a,f,c,missing,0
4.75,6.1,7.57,missing,r,d,a,f,x,missing,0
1.42,3.93,2.47,missing,n,m,a,e,p,t,1
8.42,4.94,16.87,missing,w,d,u,f,x,missing,0
3.99,5.56,6.34,missing,missing,missing,a,missing,s,missing,0
7.86,8.95,15.44,missing,missing,g,a,l,x,missing,1
10.47,9.16,23.97,w,k,d,w,f,x,missing,0
5.57,5.47,12.0,missing,o,d,u,f,x,missing,0
6.96,10.55,11.27,missing,n,d,u,missing,x,y,0
7.94,5.98,17.96,missing,w,d,u,f,x,missing,1
3.37,4.55,4.14,missing,missing,missing,missing,f,x,missing,0
3.74,4.08,3.06,p,p,g,a,f,f,missing,1
8.73,8.93,18.13,missing,y,d,u,f,x,missing,0
3.29,7.02,5.35,missing,w,d,w,f,x,missing,0
2.66,2.13,2.79,missing,n,h,a,f,x,s,1
6.05,5.78,10.21,missing,p,d,a,missing,x,y,0
13.08,15.84,34.33,missing,w,d,a,f,x,y,0
8.97,6.59,18.73,missing,missing,missing,u,f,x,s,0
8.35,7.68,16.84,missing,y,d,missing,f,x,missing,0
4.9,5.14,5.34,missing,w,d,missing,r,x,s,0
7.85,9.66,12.93,missing,n,missing,a,f,f,i,0
9.18,7.7,19.48,missing,missing,d,a,f,x,missing,1
6.4,6.27,10.82,missing,y,missing,a,f,x,missing,0
6.05,5.45,7.28,missing,w,missing,a,f,s,s,0
13.7,7.84,25.85,missing,missing,d,a,e,f,missing,0
3.46,4.62,4.33,missing,g,d,missing,f,b,s,1
10.45,7.13,19.18,missing,b,l,w,f,s,missing,0
10.94,4.92,25.21,missing,w,d,missing,missing,o,missing,0
13.09,7.06,16.73,missing,n,h,a,f,s,missing,1
4.78,4.52,7.08,missing,missing,d,missing,f,missing,missing,0
3.19,6.91,3.87,missing,u,d,missing,f,f,missing,1
3.31,5.34,6.57,missing,w,d,a,f,s,missing,1
8.58,10.44,17.71,missing,y,missing,a,f,x,missing,0
5.83,4.5,9.6,missing,missing,d,missing,f,x,missing,0
10.44,6.8,23.64,missing,w,d,a,e,missing,missing,0
1.68,5.32,1.58,missing,w,d,u,f,c,missing,0
5.52,6.59,14.0,missing,y,d,missing,f,x,missing,1
4.17,3.7,5.72,missing,p,missing,a,f,x,missing,0
10.61,11.46,24.61,missing,missing,missing,missing,f,x,y,0
3.26,5.0,3.96,missing,p,d,u,f,f,i,1
7.45,5.55,14.03,missing,missing,d,missing,f,x,missing,0
5.47,4.75,8.72,missing,y,l,a,f,x,missing,0
1.47,3.04,1.31,missing,n,d,missing,f,o,missing,1
8.19,11.1,16.54,missing,w,d,a,g,f,missing,0
9.74,7.66,21.34,missing,missing,d,a,f,missing,s,0
10.91,5.49,25.16,missing,y,missing,u,f,o,k,0
8.54,7.65,17.45,missing,y,d,u,p,x,missing,0
4.97,4.5,7.12,missing,missing,missing,u,f,x,missing,0
4.85,6.66,8.91,missing,r,d,u,f,c,missing,1
3.1,6.73,3.69,missing,p,d,missing,f,x,missing,1
4.44,2.88,6.26,missing,w,g,a,f,s,missing,0
2.62,3.99,2.79,missing,missing,missing,u,f,b,missing,0
11.75,8.91,21.87,missing,missing,d,u,f,x,missing,0
4.68,6.03,7.79,missing,r,l,a,f,x,missing,0
2.98,5.34,6.51,missing,f,d,a,f,s,missing,1
3.62,3.54,5.75,missing,o,missing,a,f,s,missing,1
7.02,4.85,12.25,missing,f,d,a,f,f,missing,0
4.36,6.12,7.49,missing,o,missing,w,f,f,t,0
13.36,8.54,26.63,missing,w,d,a,f,s,missing,0
10.15,9.39,18.13,missing,missing,l,missing,p,x,y,0
3.87,4.88,5.15,missing,y,d,missing,f,s,missing,1
1.58,4.37,1.37,missing,n,d,s,f,missing,t,1
8.05,5.39,15.78,missing,y,d,a,f,f,missing,1
2.02,5.55,2.75,p,w,g,missing,f,x,missing,0
7.6,13.02,13.1,missing,w,d,u,e,b,y,1
9.41,7.8,20.24,missing,g,d,a,f,missing,y,0
18.71,6.55,34.46,w,y,d,w,f,f,missing,0
1.52,6.27,2.05,missing,w,missing,a,f,x,t,0
6.91,6.47,11.86,missing,missing,h,u,f,s,s,0
1.5,2.11,2.52,missing,n,missing,a,f,x,s,1
6.35,6.9,11.07,missing,y,d,a,f,missing,missing,1
6.37,7.31,8.78,missing,n,d,a,f,s,missing,1
8.36,5.28,16.71,missing,f,d,a,f,x,missing,0
6.86,5.16,12.33,missing,missing,missing,a,f,x,missing,0
9.94,9.16,17.43,missing,g,m,a,l,f,missing,0
8.23,8.69,16.55,missing,missing,d,u,p,p,y,1
15.13,8.1,23.26,w,y,missing,missing,f,x,missing,0
15.94,9.84,25.09,missing,w,l,w,f,f,missing,0
3.95,6.46,4.17,missing,g,d,s,f,b,s,0
5.3,4.75,4.89,missing,b,d,a,f,s,missing,1
12.51,9.97,31.6,missing,p,d,u,f,p,missing,1
2.05,3.64,1.96,missing,g,d,a,f,missing,s,1
4.68,5.88,6.91,k,n,d,u,e,b,y,1
7.92,6.51,12.18,missing,w,d,a,f,f,i,1
8.88,7.56,18.51,missing,p,d,a,p,x,y,0
8.72,7.18,15.73,missing,w,d,u,f,x,missing,0
8.11,7.18,15.96,missing,missing,d,a,f,x,missing,0
5.34,6.05,6.8,missing,y,d,u,missing,x,missing,1
6.13,13.02,7.66,missing,missing,missing,a,f,x,g,1
11.71,7.16,28.26,missing,n,d,u,f,s,missing,1
2.47,3.91,2.53,missing,w,d,missing,f,x,missing,1
2.57,4.17,2.7,missing,p,h,u,f,missing,i,1
11.39,8.66,27.22,missing,missing,missing,s,f,o,g,1
9.57,7.4,17.54,missing,w,missing,u,f,s,missing,0
4.68,7.44,4.15,missing,w,d,u,f,x,missing,0
7.31,6.58,13.7,missing,missing,d,a,f,missing,missing,0
8.1,5.98,15.98,missing,missing,d,a,f,s,missing,1
13.36,16.99,35.53,missing,n,missing,missing,f,x,missing,0
1.03,5.36,1.03,missing,missing,missing,a,f,f,missing,0
5.89,6.12,9.84,missing,missing,d,u,r,x,y,1
6.84,6.4,13.58,missing,y,d,missing,missing,x,missing,0
46.26,7.59,28.31,missing,missing,d,u,f,o,k,1
11.42,15.64,27.81,missing,n,d,missing,f,p,y,0
10.58,9.0,20.94,missing,p,d,a,p,x,y,0
6.88,7.49,17.64,missing,g,d,w,f,s,missing,0
2.89,6.47,3.3,missing,missing,h,u,f,f,i,0
1.25,5.2,5.71,missing,f,d,u,f,s,missing,1
7.68,4.17,22.42,missing,w,d,missing,f,o,missing,0
4.95,4.61,7.31,missing,g,missing,a,f,x,missing,0
3.4,5.88,6.9,missing,f,d,missing,f,s,missing,0
1.45,4.6,2.4,k,k,missing,missing,missing,x,s,1
5.17,4.53,7.98,missing,y,d,missing,f,x,missing,0
4.01,5.94,47.7,g,missing,l,u,f,o,missing,0
3.43,7.24,3.95,missing,p,l,u,f,s,i,0
6.19,5.99,11.99,missing,w,d,u,g,x,missing,0
11.38,7.06,21.88,missing,missing,d,u,f,x,missing,0
11.96,24.72,34.77,missing,p,g,missing,e,p,s,0
5.12,4.0,7.0,missing,w,l,a,f,s,s,0
2.96,3.79,2.32,k,k,g,a,f,b,missing,1
1.21,5.52,1.55,missing,missing,d,a,f,x,t,0
4.9,0.0,0.0,missing,f,d,a,f,o,f,1
3.49,4.41,5.56,missing,missing,missing,a,missing,s,missing,0
3.75,5.44,6.97,missing,e,g,a,missing,x,missing,0
11.41,4.74,20.51,missing,b,d,a,f,f,missing,0
8.19,7.24,16.33,missing,missing,d,missing,missing,s,missing,0
0.72,2.96,0.77,missing,y,d,u,f,x,missing,1
3.28,8.27,4.19,missing,p,d,missing,f,x,missing,1
3.16,5.59,7.43,missing,w,missing,a,f,s,missing,1
3.48,5.4,5.94,missing,missing,d,u,f,x,missing,1
5.35,5.76,8.48,missing,w,l,a,f,f,s,0
11.38,6.27,26.95,missing,w,d,s,f,f,missing,0
8.81,8.12,9.77,missing,p,d,u,f,missing,i,0
8.91,10.48,30.64,missing,p,missing,u,f,missing,missing,1
4.15,4.7,6.2,missing,w,g,u,f,b,missing,0
0.62,2.74,0.7,missing,g,d,u,f,missing,missing,0
6.3,11.44,11.1,missing,missing,missing,s,e,f,s,0
3.88,4.72,6.55,missing,p,d,u,f,f,missing,0
2.98,7.65,3.48,missing,p,l,missing,f,f,i,0
3.6,4.71,4.6,missing,w,m,w,f,x,missing,0
5.32,8.42,6.41,missing,w,d,a,f,f,k,0
8.92,18.18,19.12,missing,w,missing,u,p,missing,y,1
4.87,6.54,12.87,missing,b,d,a,f,f,missing,0
4.58,7.92,8.35,missing,n,missing,s,missing,x,missing,0
7.7,9.95,14.99,missing,n,missing,missing,f,x,missing,1
6.97,8.25,7.15,k,k,d,a,z,x,i,1
4.54,5.51,6.59,missing,k,d,a,f,f,missing,0
3.48,4.1,6.01,missing,missing,d,missing,f,f,missing,0
7.03,5.01,12.81,missing,missing,d,u,f,s,missing,1
9.01,4.85,15.99,missing,w,d,u,f,f,missing,0
5.84,6.05,9.71,missing,w,d,u,p,p,y,1
5.3,5.25,8.33,missing,y,d,a,f,missing,missing,0
8.2,7.32,16.37,missing,u,d,a,f,x,missing,1
7.59,5.67,17.48,missing,w,d,a,f,x,missing,1
6.39,5.5,12.8,missing,n,g,a,e,f,missing,0
5.96,4.8,9.94,missing,missing,missing,a,f,f,missing,0
7.07,12.43,13.25,missing,w,d,u,missing,c,s,0
1.63,4.96,2.58,missing,g,d,u,f,x,missing,0
11.31,5.1,21.93,missing,y,d,u,f,s,missing,0
10.93,12.06,25.8,missing,g,missing,u,f,x,y,0
7.99,9.65,15.85,w,w,missing,a,missing,f,missing,0
8.5,7.18,17.29,missing,y,d,u,p,x,missing,0
3.54,4.36,3.33,p,p,g,a,f,f,missing,1
11.47,6.4,22.3,missing,n,d,missing,f,s,missing,0
7.75,8.68,18.47,missing,u,d,a,f,missing,missing,1
3.08,5.59,3.63,missing,g,missing,s,f,f,s,0
7.63,5.35,9.29,missing,y,d,a,f,s,missing,1
4.32,6.71,6.15,missing,n,d,missing,r,x,s,0
6.45,7.88,12.47,missing,y,d,a,f,f,i,0
7.95,9.43,15.73,missing,w,d,a,f,x,missing,0
5.67,6.64,12.54,missing,y,g,missing,f,c,missing,1
8.05,13.93,18.49,missing,k,d,a,f,b,missing,0
15.15,10.54,17.74,missing,g,missing,a,r,p,missing,0
4.71,6.41,11.22,missing,missing,d,u,f,missing,missing,0
9.04,2.23,13.84,missing,w,missing,w,f,f,missing,0
4.82,5.13,18.4,missing,f,d,missing,f,o,missing,0
9.27,4.63,14.73,missing,w,d,u,f,x,missing,0
11.42,10.08,15.27,w,w,d,u,missing,f,missing,0
10.51,8.45,21.46,missing,u,l,w,f,s,missing,0
48.61,5.43,37.68,missing,missing,d,u,f,missing,k,0
7.12,6.67,5.83,missing,n,missing,missing,l,x,t,0
11.04,2.44,14.12,missing,missing,missing,missing,f,f,missing,0
1.3,4.54,2.49,missing,g,g,u,f,f,missing,0
10.35,11.95,22.7,missing,w,d,a,g,x,missing,1
5.01,5.86,7.67,missing,r,l,missing,f,x,missing,1
2.72,0.0,0.0,missing,f,d,a,f,o,f,1
6.31,4.55,12.27,missing,n,g,missing,e,f,missing,0
7.51,5.57,13.63,missing,y,d,a,f,f,y,1
8.72,7.49,18.01,missing,p,missing,a,p,p,y,0
4.15,7.16,8.04,missing,f,d,missing,f,s,missing,1
8.8,10.61,18.43,missing,g,missing,a,missing,p,missing,0
7.06,12.97,12.9,missing,missing,missing,a,missing,missing,s,0
4.61,5.28,6.73,missing,r,d,a,f,x,missing,0
7.65,3.37,7.81,missing,w,d,u,f,s,missing,1
6.44,5.94,4.71,missing,n,missing,a,l,x,t,0
7.47,6.07,9.51,missing,w,d,a,f,s,missing,1
19.79,22.06,19.62,missing,w,m,u,m,f,missing,0
3.14,5.26,6.25,missing,r,d,u,f,x,missing,0
4.76,6.11,13.34,missing,missing,d,u,f,x,missing,0
6.76,5.82,12.18,missing,y,missing,missing,f,x,s,0
4.78,3.9,6.93,missing,g,d,a,f,x,missing,1
4.61,4.29,6.7,missing,g,d,a,f,missing,missing,0
3.86,5.62,6.37,k,n,d,missing,f,f,s,0
5.36,5.77,8.49,missing,w,d,a,f,s,missing,1
4.54,6.84,6.09,missing,missing,d,w,missing,f,s,0
6.83,7.52,17.83,missing,w,d,u,f,missing,missing,1
8.98,8.05,21.96,missing,n,d,w,missing,x,missing,0
4.13,5.05,5.69,k,k,d,a,f,f,s,0
8.84,8.82,28.08,missing,w,missing,s,f,f,missing,0
3.82,7.59,9.33,missing,w,missing,a,missing,x,missing,0
3.28,4.88,4.54,n,e,d,a,f,x,missing,1
3.54,4.67,4.48,missing,w,d,missing,f,x,missing,0
7.02,6.67,12.88,missing,missing,g,u,e,p,missing,0
5.24,7.15,8.27,missing,f,missing,a,f,s,missing,0
7.54,4.23,9.19,missing,p,d,w,f,f,missing,1
4.46,4.54,6.99,missing,w,d,u,f,missing,missing,0
3.1,4.22,3.27,missing,w,g,a,missing,b,missing,0
12.39,5.14,30.58,missing,f,p,a,f,o,g,1
14.1,11.6,17.23,missing,w,d,missing,g,x,missing,0
8.17,7.34,14.8,missing,n,d,a,p,x,missing,0
8.39,4.92,16.77,missing,o,d,u,f,missing,missing,0
4.72,4.88,7.87,missing,missing,d,a,f,f,missing,0
3.28,4.38,6.8,missing,o,missing,missing,f,x,missing,0
5.84,6.05,9.71,missing,w,h,u,f,missing,i,1
3.71,3.9,3.37,missing,n,d,a,e,f,missing,0
4.42,6.69,12.54,missing,n,d,a,f,missing,missing,0
2.55,3.97,2.67,missing,w,g,a,f,s,h,1
4.18,3.31,5.73,missing,missing,d,a,f,f,missing,1
11.26,7.91,26.69,missing,w,missing,a,e,x,missing,0
4.54,3.93,6.53,missing,g,missing,a,f,f,missing,0
4.3,5.86,8.76,missing,p,d,missing,z,x,missing,1
15.56,9.74,17.61,missing,w,d,u,missing,x,missing,1
11.35,7.06,9.9,p,p,d,missing,f,x,missing,0
2.94,4.26,3.35,missing,y,d,missing,f,f,s,1
3.0,4.26,3.45,missing,n,m,a,e,f,k,1
9.62,7.91,18.07,missing,w,missing,a,f,x,missing,0
10.84,9.77,19.0,missing,y,missing,a,f,x,missing,0
8.11,10.41,16.25,missing,w,d,a,g,f,missing,0
4.54,5.32,7.09,missing,o,m,missing,f,missing,missing,0
2.5,5.37,2.61,missing,g,g,u,f,x,missing,0
9.25,4.98,19.46,missing,b,d,missing,f,f,missing,0
5.91,5.06,5.89,missing,n,d,u,missing,f,i,1
4.07,5.63,7.76,missing,n,g,u,missing,x,missing,0
9.01,8.33,16.17,missing,y,d,a,f,x,missing,0
3.66,5.03,5.59,n,e,d,a,f,x,missing,1
4.79,3.49,9.43,missing,missing,g,a,missing,s,missing,0
4.83,6.89,7.29,k,missing,d,u,f,x,s,0
7.57,5.51,14.36,missing,y,missing,a,f,f,missing,1
3.02,0.0,0.0,missing,missing,d,s,f,o,f,1
7.55,6.56,12.39,missing,y,d,a,f,f,t,0
2.97,9.3,2.62,missing,n,g,missing,f,missing,missing,1
4.48,3.45,6.37,missing,missing,g,w,f,x,missing,0
1.41,5.71,0.98,missing,w,d,a,f,x,missing,0
4.43,5.7,3.18,missing,g,d,missing,f,b,s,0
2.94,4.96,3.37,missing,n,d,a,f,x,missing,0
3.72,4.99,4.85,missing,w,missing,missing,f,s,missing,1
4.13,7.8,9.41,missing,w,missing,s,missing,x,missing,0
7.73,8.11,33.48,missing,w,m,s,f,missing,missing,0
0.64,0.0,0.0,n,w,d,u,f,o,f,1
5.96,6.44,10.03,missing,w,l,w,f,f,s,1
15.0,18.12,17.13,missing,w,d,w,g,x,y,1
2.48,6.75,2.6,missing,k,d,u,f,b,missing,0
10.26,5.15,22.86,missing,b,d,a,f,f,missing,0
7.64,4.59,14.51,missing,w,d,u,f,f,missing,0
4.77,5.84,11.25,missing,n,d,u,f,x,missing,0
0.7,3.03,1.41,missing,missing,d,missing,missing,p,missing,0
7.64,8.74,14.76,missing,y,d,u,f,c,missing,1
15.13,7.32,42.07,missing,y,d,s,f,o,k,1
8.35,7.56,10.17,p,missing,missing,u,f,x,i,0
8.64,5.99,9.79,missing,w,d,u,f,x,missing,0
9.91,8.82,19.39,missing,p,l,a,missing,x,y,0
13.86,6.31,35.5,missing,y,missing,a,f,f,k,1
15.95,9.68,17.14,missing,w,g,missing,missing,x,missing,0
12.06,8.59,27.57,missing,o,d,u,f,x,missing,1
0.62,3.39,2.27,missing,missing,g,a,f,b,missing,1
3.13,4.39,3.69,missing,w,g,u,r,x,y,1
4.22,5.32,6.63,missing,missing,d,u,f,x,missing,0
7.68,6.81,13.76,missing,p,d,u,l,x,missing,1
10.74,4.77,21.01,missing,b,d,a,f,f,missing,0
7.96,7.11,13.21,missing,w,missing,a,f,missing,missing,0
3.03,7.24,4.12,missing,p,h,a,f,f,i,0
8.93,7.84,18.69,missing,n,missing,missing,p,x,missing,1
7.03,6.67,12.91,missing,r,missing,a,f,x,missing,1
1.72,2.12,2.73,missing,missing,d,a,f,x,s,1
1.7,3.06,1.34,missing,w,d,u,f,x,missing,0
12.0,6.02,29.21,missing,f,missing,a,f,o,g,1
11.5,8.16,23.21,missing,w,d,a,f,s,missing,0
16.8,6.6,49.37,missing,y,d,a,f,x,missing,1
0.83,3.14,1.03,missing,w,l,missing,f,x,missing,1
2.58,3.99,2.71,missing,k,missing,u,f,missing,missing,0
15.95,6.45,28.49,missing,missing,d,missing,f,f,missing,1
8.41,7.09,17.01,missing,y,d,u,missing,x,missing,0
6.96,8.33,15.48,missing,y,d,a,f,x,missing,0
5.59,5.22,9.04,missing,w,d,missing,f,f,i,0
0.64,0.0,0.0,missing,f,d,w,missing,o,f,1
12.59,13.42,19.87,missing,w,d,missing,g,x,missing,0
4.11,5.04,5.65,missing,n,d,missing,z,x,y,1
10.74,5.31,24.53,missing,missing,missing,missing,f,s,missing,0
4.99,4.82,7.59,missing,o,m,missing,missing,x,missing,0
4.82,5.61,20.87,missing,f,d,s,f,c,missing,0
5.73,5.99,9.43,p,missing,missing,w,f,x,i,0
3.05,6.47,6.61,missing,f,d,a,f,s,missing,0
10.11,5.19,22.36,missing,y,d,w,f,x,missing,0
5.09,4.71,12.91,missing,y,d,a,f,x,missing,0
5.93,6.09,9.93,missing,w,d,missing,f,x,missing,0
5.93,6.09,9.93,missing,w,m,a,f,f,i,0
2.2,2.65,5.21,missing,o,h,a,f,x,missing,1
12.65,18.08,32.73,missing,w,d,w,p,f,y,1
9.59,7.46,27.71,missing,w,d,s,missing,f,missing,0
1.42,3.84,0.97,missing,missing,d,missing,f,x,s,1
7.67,10.85,14.96,missing,w,missing,missing,g,f,missing,1
5.37,12.82,11.94,missing,w,missing,a,f,c,s,0
4.23,6.16,4.83,missing,e,missing,a,f,f,missing,1
7.65,5.33,14.6,missing,w,d,missing,f,x,missing,0
2.78,5.32,2.35,missing,n,d,u,f,b,missing,0
7.7,6.91,19.53,missing,p,d,a,f,f,missing,0
10.99,7.06,25.64,missing,w,d,w,missing,f,missing,0
5.57,6.14,15.34,missing,missing,d,a,f,s,missing,1
7.19,4.96,13.24,missing,f,d,a,f,f,missing,0
1.53,4.14,1.12,missing,n,missing,s,f,x,s,1
4.0,3.33,5.36,missing,w,g,a,f,x,missing,0
13.16,2.65,16.38,missing,y,d,w,f,f,missing,0
6.43,6.36,11.26,missing,w,missing,u,f,f,i,0
7.52,7.35,34.99,missing,w,d,u,missing,f,missing,0
5.45,5.66,11.59,missing,b,m,missing,f,f,missing,0
6.28,6.9,14.02,missing,y,d,u,f,x,missing,0
6.18,6.36,11.63,missing,y,h,u,f,x,s,0
4.91,6.65,7.46,missing,n,d,u,f,c,missing,1
9.02,7.69,19.41,missing,b,d,a,f,f,missing,0
9.29,3.46,20.44,missing,w,d,a,f,o,missing,0
15.74,5.02,28.73,missing,missing,d,a,f,f,k,1
3.45,3.72,4.29,n,e,d,a,f,x,missing,1
4.86,7.32,7.37,missing,f,missing,a,f,s,missing,0
9.09,12.88,11.66,missing,y,d,a,missing,x,y,1
5.18,5.24,30.21,missing,f,p,a,f,o,g,0
5.61,4.72,9.07,missing,missing,d,a,f,b,s,0
21.68,5.8,36.51,missing,y,d,a,f,f,missing,1
4.49,4.03,6.43,missing,y,d,u,f,s,missing,1
4.25,5.87,6.3,missing,o,d,w,missing,missing,t,1
12.09,8.94,29.9,missing,w,d,a,f,x,missing,1
8.34,7.75,19.67,missing,w,d,a,f,s,missing,1
1.49,3.95,2.51,missing,missing,missing,u,f,f,missing,0
2.0,5.56,2.51,missing,missing,missing,s,e,p,t,1
10.02,6.2,17.29,p,p,d,s,f,x,i,0
8.22,7.26,16.43,missing,o,d,a,f,missing,missing,0
10.42,8.16,30.56,missing,e,d,u,f,x,missing,1
5.27,7.86,7.25,missing,n,g,u,z,missing,i,1
6.92,5.42,6.97,missing,y,d,a,missing,b,i,1
7.42,3.15,24.25,missing,f,missing,s,f,o,g,1
3.86,5.14,5.95,missing,w,d,u,f,f,missing,1
3.91,0.0,0.0,missing,missing,d,s,f,o,f,1
6.71,5.43,15.07,missing,w,d,missing,f,x,s,0
5.14,5.99,7.98,missing,w,missing,a,f,s,s,0
8.43,7.33,9.64,p,p,d,a,f,x,i,0
6.82,4.99,12.98,missing,p,g,u,e,x,missing,0
5.84,7.25,9.75,missing,w,l,missing,f,x,missing,0
4.85,5.49,7.3,missing,g,missing,missing,f,b,s,1
9.93,7.24,16.62,missing,w,d,missing,f,x,missing,0
1.92,2.93,1.65,missing,w,l,u,f,x,missing,1
7.68,6.74,14.78,missing,y,d,a,f,x,missing,1
2.92,3.59,6.59,missing,missing,m,a,f,f,missing,1
4.34,5.69,9.24,missing,w,l,a,f,f,s,0
3.61,6.34,7.87,missing,g,missing,u,e,missing,y,1
5.41,6.2,9.04,missing,w,d,a,g,x,missing,0
6.05,4.52,10.14,missing,missing,d,a,f,x,missing,0
8.94,7.59,18.7,missing,p,l,a,l,p,y,0
4.89,4.67,7.34,missing,u,d,w,f,x,missing,0
6.8,6.63,12.27,missing,p,d,a,l,x,missing,0
3.4,5.04,16.69,missing,f,l,s,f,c,missing,0
4.06,4.4,3.15,missing,w,g,missing,f,missing,missing,0
5.11,5.86,8.82,missing,y,missing,missing,missing,x,g,1
6.85,4.32,12.25,missing,n,g,a,e,x,missing,0
9.98,7.21,22.11,missing,y,d,u,f,missing,missing,0
5.01,4.38,7.36,missing,n,d,u,r,x,s,0
6.68,2.16,11.6,missing,w,d,w,f,f,missing,0
5.97,5.05,9.97,missing,p,d,w,f,x,missing,1
4.13,5.69,10.78,missing,missing,d,missing,f,x,missing,0
6.53,4.1,11.37,missing,f,d,u,f,f,missing,0
1.97,4.85,4.81,missing,w,d,missing,f,x,missing,0
7.64,8.02,14.73,w,w,d,w,missing,f,i,1
6.55,6.42,11.58,missing,missing,m,missing,e,p,missing,0
6.59,6.45,11.69,missing,n,w,u,l,x,missing,0
8.8,22.47,18.85,missing,missing,m,a,m,missing,missing,0
7.5,8.39,14.35,missing,n,d,u,l,x,missing,1
5.94,7.08,20.08,missing,y,d,a,f,f,missing,1
2.21,5.16,2.13,missing,missing,d,missing,f,b,s,1
9.25,6.01,15.71,missing,p,d,a,f,x,i,0
9.8,8.21,22.7,missing,g,g,w,f,x,missing,0
8.7,7.48,17.93,missing,w,missing,a,f,f,missing,0
7.88,6.48,20.78,missing,p,d,w,f,s,missing,1
3.42,6.65,4.29,missing,n,d,missing,f,x,missing,0
8.97,5.1,16.17,missing,o,missing,u,f,s,missing,0
8.34,8.78,13.54,missing,missing,h,a,f,missing,s,0
7.22,13.34,13.4,missing,w,missing,a,f,x,s,0
8.47,7.64,17.22,missing,n,d,u,p,x,missing,0
5.32,5.76,8.41,missing,w,d,u,f,s,s,0
1.08,3.43,2.6,missing,missing,m,missing,f,b,missing,1
7.09,5.12,12.97,missing,n,m,u,missing,x,missing,0
7.19,4.82,13.23,missing,missing,m,u,e,p,missing,0
4.64,5.89,6.82,missing,n,missing,u,z,x,missing,1
7.69,11.77,6.97,missing,w,d,a,f,x,missing,1
9.38,7.55,23.18,missing,w,d,u,f,x,missing,0
7.8,6.73,13.34,missing,missing,d,a,f,p,missing,1
2.72,5.63,2.99,missing,n,m,a,f,b,missing,1
6.05,5.77,8.55,missing,p,d,a,f,x,missing,1
4.56,5.9,5.57,missing,y,d,a,f,f,missing,0
8.44,6.26,17.03,missing,o,d,u,f,missing,missing,1
5.69,8.3,9.42,missing,w,d,missing,missing,x,missing,0
3.62,4.25,5.39,missing,p,d,a,f,missing,missing,0
8.32,8.91,16.82,missing,missing,l,missing,l,x,y,0
6.4,6.34,11.16,missing,w,d,a,z,x,missing,1
9.53,7.5,18.2,missing,p,l,missing,l,x,y,1
5.47,5.13,8.21,missing,w,l,missing,f,s,s,0
5.84,6.05,9.71,missing,n,d,a,f,c,missing,1
1.47,4.91,2.62,missing,g,d,missing,f,f,missing,0
7.18,4.54,13.19,missing,p,missing,a,e,p,missing,0
7.76,6.49,18.17,missing,w,d,a,missing,f,missing,1
8.94,7.95,14.31,missing,p,d,u,f,missing,missing,1
4.03,3.9,2.62,p,p,g,u,f,missing,missing,1
4.68,5.54,7.46,missing,w,d,w,f,f,k,0
4.05,5.0,3.16,missing,missing,missing,u,missing,b,missing,0
4.99,5.04,5.76,missing,o,d,a,f,s,missing,1
12.14,5.69,24.4,missing,y,d,u,f,s,missing,0
3.77,4.99,3.13,missing,w,g,missing,f,b,missing,0
6.78,8.08,11.72,missing,n,d,a,f,f,i,0
5.28,5.23,8.29,missing,w,missing,a,f,s,missing,0
4.33,4.88,5.19,missing,missing,d,a,f,b,i,1
3.13,6.76,3.28,missing,n,d,a,f,b,missing,1
5.6,4.77,9.1,missing,missing,d,a,f,f,s,1
3.37,3.35,4.41,missing,missing,d,s,missing,b,s,0
6.36,4.6,11.08,missing,w,g,missing,f,missing,missing,0
5.65,8.21,9.32,missing,missing,g,s,missing,x,missing,1
8.19,17.2,16.77,missing,w,d,missing,p,f,y,1
9.03,6.96,13.98,missing,missing,d,a,f,x,missing,0
9.18,7.41,17.53,missing,o,missing,a,missing,s,missing,0
1.88,5.16,1.63,missing,n,d,w,f,o,missing,1
1.01,2.75,1.52,missing,w,missing,u,f,x,missing,1
5.94,6.21,15.41,missing,f,d,u,f,f,missing,0
7.0,6.66,12.83,missing,w,d,a,g,x,missing,0
5.29,6.72,8.36,missing,f,d,a,f,s,missing,0
5.84,6.05,9.71,missing,missing,d,a,f,missing,missing,0
9.22,8.19,14.1,w,w,d,a,missing,f,i,0
1.17,2.83,0.64,missing,y,missing,missing,f,x,missing,1
6.66,5.58,11.81,missing,missing,d,u,f,missing,s,0
8.44,7.36,17.12,missing,missing,m,u,r,x,missing,0
2.47,6.28,2.57,missing,w,d,a,f,x,t,0
6.32,5.94,9.31,missing,p,missing,u,f,x,y,0
20.35,14.78,65.27,missing,missing,d,a,f,x,missing,0
6.53,4.49,11.39,missing,o,d,a,missing,s,missing,1
2.35,4.94,2.36,missing,k,g,a,f,x,missing,0
7.47,12.89,13.41,missing,w,missing,u,f,x,s,0
3.88,5.13,5.94,missing,w,missing,a,f,f,missing,0
5.96,11.47,12.06,missing,w,d,a,f,x,s,0
2.4,3.86,2.41,missing,missing,missing,w,missing,x,missing,0
7.91,7.11,15.49,missing,w,d,a,f,f,missing,0
11.58,7.85,27.87,missing,missing,d,w,e,x,missing,0
7.64,8.86,14.77,missing,n,m,u,r,x,missing,0
3.69,4.56,2.46,missing,w,g,u,f,missing,missing,0
6.84,6.62,12.36,missing,w,d,a,f,p,missing,0
5.71,6.29,6.14,missing,w,d,s,r,x,s,0
11.09,10.62,14.73,missing,missing,d,a,missing,x,i,0
7.7,7.41,14.88,missing,y,d,a,missing,x,missing,1
5.51,5.55,8.85,missing,g,d,s,f,f,missing,1
9.11,4.67,18.98,missing,b,d,a,f,f,missing,0
15.81,8.32,25.09,missing,w,d,w,f,s,missing,0
12.32,18.41,11.86,missing,w,d,u,e,f,s,0
9.34,7.66,19.99,missing,n,d,missing,f,x,missing,0
7.24,12.53,12.71,missing,w,d,a,missing,b,y,1
7.6,3.61,14.28,missing,f,missing,u,f,o,g,1
7.39,6.33,16.08,missing,missing,d,missing,f,f,y,1
6.12,5.99,11.58,missing,missing,d,a,f,f,missing,1
2.53,3.97,9.51,missing,n,d,a,f,x,missing,0
1.38,5.43,1.83,missing,w,g,u,f,x,t,0
5.37,5.78,8.53,missing,f,d,a,f,s,missing,0
22.67,9.29,34.93,missing,n,missing,u,missing,missing,y,0
7.28,6.8,13.63,missing,n,missing,u,e,f,missing,1
11.65,8.17,19.17,missing,missing,l,missing,f,s,missing,0
7.36,5.74,8.59,missing,w,missing,u,f,s,missing,0
8.87,4.86,20.43,missing,b,d,missing,f,f,missing,0
1.03,5.9,1.07,missing,p,missing,a,f,c,missing,0
11.13,7.88,21.06,missing,e,missing,u,f,x,missing,1
4.45,5.63,4.23,missing,y,l,missing,f,f,i,1
3.82,3.89,5.31,missing,y,missing,a,f,x,missing,0
7.19,6.51,12.39,missing,y,missing,a,f,x,i,1
2.71,2.75,6.28,missing,w,missing,a,f,s,missing,1
5.63,6.14,10.26,missing,n,d,a,f,f,missing,0
10.5,6.91,23.86,missing,y,d,a,f,x,missing,0
5.78,5.34,6.85,missing,missing,d,a,f,missing,missing,1
6.76,11.87,12.38,missing,w,d,a,f,x,missing,0
6.74,13.85,12.91,missing,w,d,u,missing,x,s,0
5.64,4.25,9.1,missing,p,d,w,f,x,missing,1
7.07,4.37,12.87,missing,missing,w,missing,r,f,missing,0
9.54,5.33,17.28,missing,n,d,w,f,f,missing,0
13.05,5.6,33.21,missing,y,d,u,f,f,k,1
1.71,3.31,1.36,missing,missing,d,w,f,b,missing,0
4.93,5.1,5.94,missing,missing,d,w,r,x,s,0
7.73,13.03,12.03,missing,w,d,a,e,b,y,1
4.85,6.7,7.33,missing,n,d,u,f,c,missing,1
5.84,6.05,9.71,missing,y,d,missing,f,o,k,0
4.77,6.65,12.39,missing,n,w,a,r,x,missing,0
7.63,6.38,11.5,missing,missing,d,u,f,s,missing,0
7.84,7.07,15.28,missing,missing,missing,missing,g,x,missing,0
3.55,4.77,3.75,missing,w,g,a,f,b,missing,1
4.02,4.44,7.14,missing,y,d,u,f,f,missing,0
5.75,4.77,9.4,missing,y,d,u,f,x,missing,0
7.28,8.65,13.93,missing,n,d,a,f,f,t,1
8.24,5.71,12.61,missing,y,d,u,f,x,missing,0
6.42,6.06,11.45,missing,missing,d,w,f,x,missing,1
6.64,6.47,11.81,missing,y,d,a,f,x,i,1
8.59,12.82,19.17,n,o,d,a,r,x,missing,1
11.36,6.69,20.68,missing,n,d,a,f,x,missing,0
2.46,6.92,2.56,missing,w,g,a,f,x,t,0
3.97,6.16,7.89,missing,missing,d,a,f,f,t,0
8.26,9.9,16.7,missing,y,d,a,f,x,missing,0
4.4,6.59,6.07,missing,f,missing,a,f,s,missing,0
7.87,8.08,15.43,missing,missing,d,a,p,x,y,1
6.38,16.3,15.46,missing,p,g,a,e,f,s,0
9.17,10.43,14.7,missing,n,d,a,f,x,missing,1
6.58,4.98,12.45,missing,y,d,missing,missing,x,missing,0
10.68,7.56,14.16,missing,p,d,u,f,s,missing,1
7.14,5.13,15.26,missing,f,missing,u,f,f,missing,0
8.2,6.42,13.65,missing,w,d,u,g,x,missing,1
5.82,7.09,9.69,p,p,d,u,f,x,i,0
9.23,21.03,20.26,missing,w,missing,missing,m,p,missing,0
12.53,10.71,31.73,missing,p,d,a,missing,x,missing,1
3.01,4.68,3.48,missing,w,g,missing,r,x,y,1
1.31,3.05,5.2,missing,f,d,a,f,s,missing,1
5.38,6.62,12.38,missing,r,missing,a,f,missing,missing,1
4.57,5.18,10.84,missing,missing,missing,a,missing,x,missing,0
6.63,5.46,11.74,missing,missing,d,a,missing,f,i,0
7.87,6.26,12.34,missing,y,d,a,f,x,missing,0
6.25,3.36,7.99,missing,missing,missing,u,f,b,s,0
6.41,3.86,11.04,missing,k,missing,missing,e,x,missing,0
5.16,4.59,7.55,missing,y,missing,missing,f,s,missing,1
4.79,4.54,7.12,missing,y,d,a,f,f,i,0
8.84,10.87,16.99,missing,w,missing,a,g,x,missing,0
4.29,5.17,3.47,missing,w,g,missing,f,b,missing,0
3.24,4.34,2.62,missing,w,g,u,f,b,missing,1
9.11,6.71,19.36,missing,u,d,missing,f,f,missing,0
2.56,4.55,2.7,p,w,g,a,f,x,missing,1
10.76,7.34,17.32,missing,g,missing,a,l,p,missing,0
13.4,11.18,16.97,missing,w,d,a,g,missing,missing,1
5.84,6.05,9.71,missing,w,d,u,f,s,s,0
3.64,4.21,3.19,missing,w,missing,a,f,missing,missing,0
11.05,9.74,19.26,missing,n,d,u,p,x,missing,0
3.55,4.67,4.5,missing,g,d,a,f,b,s,0
3.27,0.0,0.0,missing,missing,d,u,f,o,f,1
3.81,6.02,5.06,missing,missing,d,s,f,x,k,0
8.05,7.12,15.14,missing,y,d,u,missing,x,missing,0
3.24,6.4,6.97,missing,f,d,missing,missing,missing,missing,0
12.69,8.45,25.72,missing,y,missing,a,f,s,missing,0
2.59,3.86,2.73,p,p,g,a,f,f,missing,1
8.0,9.31,12.7,missing,n,d,a,f,missing,t,0
3.25,3.65,2.89,missing,y,d,u,f,f,i,1
1.31,3.5,1.37,missing,n,g,missing,f,missing,t,1
5.28,5.23,8.29,missing,g,d,u,f,c,missing,0
17.22,6.47,51.25,missing,y,d,a,f,f,missing,1
3.84,5.13,5.92,missing,n,d,u,f,x,s,0
6.83,5.77,8.63,missing,missing,missing,a,f,s,missing,1
1.77,2.77,1.43,missing,g,d,w,f,missing,missing,0
8.25,5.07,16.36,missing,o,d,u,f,s,missing,0
4.42,7.62,8.73,missing,n,g,s,missing,x,missing,0
4.84,4.61,7.24,missing,g,missing,u,f,missing,missing,0
4.54,6.66,4.54,missing,w,missing,s,f,f,s,1
9.87,9.62,21.92,missing,b,d,w,f,s,missing,0
15.65,9.64,25.88,missing,w,d,a,f,x,missing,0
6.97,5.44,9.63,missing,missing,d,a,f,f,s,0
6.19,4.59,14.27,missing,y,d,u,f,missing,missing,0
5.19,3.61,13.31,missing,w,d,missing,f,x,missing,1
12.58,9.63,31.86,missing,y,d,a,f,missing,missing,1
9.66,7.92,21.09,missing,w,d,missing,f,x,missing,0
8.28,12.24,20.37,missing,w,d,u,g,x,missing,0
3.95,6.06,30.86,missing,f,p,a,f,o,g,1
11.01,5.95,25.58,missing,p,d,a,f,missing,missing,0
3.21,8.01,3.92,missing,p,l,a,f,f,missing,1
4.71,5.74,20.02,missing,f,d,s,f,c,missing,0
7.88,8.55,9.6,missing,missing,d,a,f,f,missing,1
2.45,0.0,0.0,n,w,d,u,f,o,f,1
13.0,7.35,33.23,missing,w,d,u,f,x,missing,0
1.48,4.6,2.28,missing,k,g,w,f,x,missing,0
3.88,6.87,4.7,missing,w,missing,a,f,missing,s,1
5.77,5.06,11.66,missing,p,d,u,f,c,missing,0
8.72,5.61,17.84,missing,missing,d,u,f,x,missing,0
14.01,6.29,37.19,g,f,d,missing,f,o,missing,0
4.42,5.25,5.61,missing,p,d,a,f,s,missing,1
4.13,5.04,5.68,missing,missing,d,u,f,s,missing,0
2.98,2.78,3.37,missing,n,d,a,f,f,i,1
5.47,6.7,12.79,missing,w,d,u,l,x,missing,1
5.17,9.76,12.46,missing,w,g,s,z,b,s,0
6.35,5.65,8.09,missing,w,h,u,f,s,s,0
7.91,10.85,13.87,missing,w,d,a,g,f,missing,1
3.94,5.5,10.64,missing,e,d,a,f,x,missing,0
5.65,6.14,13.16,missing,y,d,u,missing,x,missing,0
3.06,0.0,0.0,missing,missing,missing,s,f,o,f,1
3.21,5.35,6.58,missing,y,missing,a,f,b,t,1
7.28,7.61,18.54,missing,f,l,s,f,c,missing,0
2.99,0.0,0.0,missing,f,d,s,f,o,f,1
5.4,3.4,8.48,missing,p,d,a,f,s,missing,1
9.69,7.93,21.19,missing,w,m,s,f,f,missing,0
2.55,4.43,2.68,missing,w,g,missing,f,x,h,1
3.01,4.3,3.47,missing,w,p,u,f,c,i,1
2.66,4.35,3.56,missing,n,d,a,f,c,i,1
3.0,5.7,2.3,missing,k,d,missing,f,b,missing,0
4.2,7.13,5.38,missing,missing,d,a,f,f,missing,1
4.18,4.78,4.88,missing,missing,m,u,f,b,i,1
7.14,9.76,13.37,missing,y,missing,a,f,f,t,0
15.18,5.54,26.43,missing,b,d,missing,f,s,missing,0
6.62,5.29,5.9,missing,n,d,u,r,x,s,0
8.05,6.81,13.8,missing,y,d,a,f,f,missing,1
5.84,6.05,9.71,missing,w,d,missing,f,x,missing,0
6.92,7.7,12.65,missing,w,d,a,f,x,missing,0
2.87,3.75,2.45,missing,w,g,u,f,s,h,1
2.82,4.17,3.14,missing,k,d,a,f,b,missing,0
10.52,8.34,16.09,missing,p,l,a,p,p,y,0
8.81,5.74,16.7,missing,o,missing,u,f,s,missing,0
10.97,5.56,13.33,missing,n,missing,u,f,s,missing,1
6.75,5.88,12.09,missing,w,missing,a,g,x,missing,0
8.62,7.44,17.68,w,w,d,a,missing,f,i,0
9.6,7.33,17.54,missing,y,d,u,f,x,missing,0
7.55,4.58,11.52,missing,w,d,a,f,s,t,0
10.12,15.9,11.27,missing,w,d,a,e,f,s,1
3.02,6.65,7.9,missing,missing,d,a,f,s,missing,0
11.8,7.65,19.54,missing,u,l,missing,f,s,missing,1
8.53,1.55,16.73,missing,y,missing,w,f,o,missing,1
12.89,9.0,21.2,missing,u,d,a,f,f,missing,0
2.84,6.52,3.21,missing,p,h,u,f,s,i,1
2.71,8.75,2.66,missing,g,missing,missing,e,p,t,1
8.26,9.42,16.68,missing,w,g,u,missing,x,missing,0
2.63,2.41,2.76,missing,missing,h,a,f,x,s,1
9.06,8.1,18.63,missing,u,d,a,f,x,missing,1
6.52,7.79,12.92,missing,g,d,a,l,x,missing,1
5.05,4.9,7.73,missing,y,l,u,f,f,i,1
5.57,5.9,9.02,missing,w,d,a,f,x,i,0
5.05,4.53,6.58,missing,missing,missing,a,z,x,y,1
4.92,4.77,7.42,missing,missing,d,a,f,f,missing,0
3.66,3.25,6.17,missing,w,m,missing,f,x,missing,0
4.13,3.29,6.07,missing,y,h,a,f,s,missing,1
6.9,5.65,9.58,missing,w,g,u,f,f,i,0
5.02,4.93,5.8,missing,missing,d,s,r,x,y,0
7.0,8.3,14.88,missing,g,g,u,l,x,missing,1
7.22,5.4,14.46,missing,y,d,a,f,f,missing,1
5.06,5.58,11.89,missing,w,missing,u,g,x,missing,0
3.57,5.01,5.54,missing,g,d,a,f,s,s,1
10.38,7.37,17.45,missing,y,missing,w,f,f,missing,0
4.06,5.87,7.7,missing,o,d,missing,f,f,t,0
10.41,7.32,23.61,missing,n,d,u,f,s,missing,0
3.96,6.41,3.89,missing,w,d,a,f,f,missing,0
2.29,5.62,2.27,missing,g,missing,u,f,b,s,1
8.33,8.78,16.86,missing,p,d,missing,p,p,y,0
5.13,6.31,7.97,missing,f,d,a,f,missing,missing,0
3.88,6.49,4.06,missing,p,d,a,f,b,i,1
14.95,7.34,21.98,w,k,missing,w,f,f,missing,0
10.49,8.26,23.79,missing,w,l,missing,f,missing,missing,0
10.17,6.52,22.7,missing,y,d,a,missing,x,missing,0
11.18,8.69,27.49,missing,e,d,a,f,x,missing,1
2.41,4.03,3.65,missing,w,p,u,f,c,i,1
8.92,6.42,16.21,missing,n,d,a,p,x,missing,0
2.37,7.62,2.71,missing,g,missing,s,e,p,t,1
8.94,7.59,18.71,missing,k,d,a,f,b,missing,1
4.58,6.68,6.71,missing,missing,d,a,z,x,i,1
4.42,7.93,9.5,missing,n,d,s,missing,x,missing,0
5.88,4.77,8.22,missing,g,d,a,f,f,missing,1
1.22,3.33,0.71,missing,y,d,missing,f,x,missing,1
6.68,7.47,9.58,missing,n,d,missing,z,x,missing,1
3.9,5.46,6.73,missing,o,d,missing,f,x,t,0
17.45,7.75,20.88,missing,w,d,a,m,p,missing,0
3.74,4.21,4.86,missing,w,d,missing,r,x,y,0
9.22,7.03,15.24,missing,w,d,a,g,f,missing,0
5.6,4.86,9.04,missing,p,d,w,f,x,missing,1
16.13,6.42,46.28,g,f,d,missing,f,s,missing,0
8.56,11.46,17.71,missing,missing,d,u,g,x,missing,0
8.69,8.03,22.16,missing,w,d,missing,f,f,s,0
12.08,16.93,30.4,missing,n,d,u,f,x,y,0
2.98,5.41,3.45,missing,missing,d,w,f,f,s,0
10.22,6.91,22.91,missing,y,d,w,f,s,missing,0
7.36,6.64,12.79,missing,y,d,a,f,x,i,1
9.64,7.42,17.69,missing,missing,l,a,l,x,y,1
4.27,0.0,0.0,n,w,d,a,f,o,f,1
7.65,7.3,13.62,missing,y,d,missing,f,x,missing,0
6.49,3.0,18.9,missing,w,d,u,f,s,missing,0
11.73,10.39,28.66,missing,w,d,w,missing,x,missing,0
1.21,3.74,1.63,missing,missing,d,s,f,b,missing,0
9.4,7.02,20.14,missing,g,missing,w,f,x,missing,0
4.47,6.98,6.49,missing,missing,d,w,l,missing,t,0
4.93,5.96,7.48,missing,f,d,a,f,s,missing,0
2.58,2.9,5.05,missing,w,m,missing,f,missing,missing,0
8.29,7.53,16.66,missing,missing,d,missing,f,x,s,1
1.84,4.13,2.93,missing,missing,missing,missing,f,b,missing,1
7.69,6.65,12.88,missing,missing,d,a,g,x,missing,0
10.1,6.4,22.46,missing,f,d,s,f,o,missing,0
4.03,7.02,57.01,missing,f,missing,missing,f,o,missing,0
6.42,6.36,11.22,missing,missing,d,w,f,f,missing,0
12.2,4.74,13.21,missing,n,d,a,f,x,missing,1
7.66,5.62,23.18,missing,w,d,w,e,x,missing,0
7.64,5.55,12.51,missing,o,missing,a,f,x,missing,0
5.96,6.57,12.23,missing,g,d,missing,f,x,missing,1
4.68,5.38,6.9,missing,r,l,u,f,x,missing,0
0.93,3.08,0.95,missing,g,missing,a,f,p,missing,0
11.19,8.94,26.51,missing,w,d,w,f,x,missing,0
5.28,0.0,0.0,missing,f,d,s,f,o,f,1
9.15,24.08,20.06,missing,w,d,a,m,f,missing,0
5.25,4.57,10.29,missing,g,d,a,f,b,s,1
1.01,3.18,1.7,missing,missing,missing,w,f,p,missing,0
0.66,4.05,0.97,missing,p,d,u,f,x,h,1
8.38,7.55,18.34,missing,w,d,missing,f,f,s,0
7.41,10.94,25.18,missing,missing,d,a,f,x,y,1
3.02,2.27,3.42,missing,y,missing,w,f,f,missing,1
7.87,4.69,21.14,missing,w,d,missing,f,o,missing,0
4.91,4.28,8.32,missing,y,missing,u,f,f,missing,0
3.86,5.06,10.44,missing,n,d,a,f,x,missing,0
2.43,4.82,2.48,missing,missing,g,u,f,f,missing,0
12.66,11.35,24.22,missing,y,d,a,f,x,missing,0
8.34,7.31,16.81,missing,n,missing,a,r,f,missing,0
3.95,4.48,13.7,missing,w,missing,missing,f,x,i,1
4.33,5.17,6.13,missing,y,d,missing,missing,x,i,1
5.84,6.05,9.71,missing,y,missing,a,f,s,missing,1
10.15,7.89,24.37,missing,n,d,a,f,x,missing,1
11.76,8.28,25.36,missing,missing,d,missing,f,x,missing,1
4.96,4.77,7.51,missing,b,missing,a,f,f,missing,0
1.09,3.01,1.5,missing,missing,d,a,f,b,missing,1
5.26,5.06,33.9,g,missing,l,missing,missing,o,missing,0
8.25,4.31,21.6,missing,w,d,missing,f,s,missing,0
3.56,3.33,5.78,missing,w,g,missing,f,f,missing,0
3.48,7.37,16.05,missing,missing,d,u,f,o,g,1
13.72,9.85,25.44,missing,missing,d,w,f,f,missing,0
3.05,4.05,2.35,missing,missing,d,missing,f,f,s,0
6.57,6.48,11.84,missing,w,d,a,f,c,s,0
4.18,3.78,6.65,missing,w,g,missing,f,x,missing,0
6.67,7.56,15.2,missing,y,d,u,missing,x,missing,0
7.9,7.1,15.46,missing,y,d,u,missing,x,missing,0
13.98,5.37,28.53,missing,y,d,a,f,f,k,1
8.47,9.95,17.34,w,w,d,missing,missing,f,i,0
5.57,4.57,4.37,missing,missing,d,missing,l,x,t,0
2.15,6.79,4.53,missing,u,d,u,f,x,missing,0
6.14,7.13,10.05,missing,w,l,w,f,missing,s,0
1.68,4.62,1.33,missing,w,l,a,f,c,missing,0
7.14,6.16,18.09,missing,w,d,u,f,f,s,0
8.18,4.5,12.54,missing,missing,w,missing,l,f,missing,0
4.51,7.28,7.97,missing,r,l,a,f,x,missing,0
2.93,4.25,3.33,missing,n,d,a,f,b,missing,0
3.66,4.65,6.09,missing,r,d,u,f,x,missing,0
4.48,5.19,5.28,missing,missing,d,a,r,x,y,0
9.29,7.74,19.8,missing,u,l,a,f,s,missing,0
8.63,1.62,17.05,missing,y,d,missing,f,o,missing,1
2.67,2.38,10.73,missing,f,missing,missing,f,x,missing,0
3.36,4.39,6.54,missing,e,g,u,f,x,missing,0
3.55,0.0,0.0,missing,f,d,missing,f,o,f,1
4.25,5.12,5.95,missing,w,m,w,f,f,missing,0
1.32,3.42,0.83,missing,y,d,missing,f,x,missing,1
4.97,5.63,7.88,missing,w,d,missing,missing,s,s,0
1.16,3.44,0.63,missing,missing,d,u,missing,x,missing,1
4.83,3.86,12.31,missing,w,missing,a,f,f,missing,0
4.63,10.12,6.93,missing,w,d,a,f,x,s,0
6.53,6.4,12.68,missing,missing,d,a,g,x,missing,0
3.31,4.43,9.66,missing,missing,missing,a,f,x,missing,0
11.72,16.22,28.97,missing,missing,d,a,f,p,y,0
10.1,10.24,15.1,missing,w,d,missing,g,f,missing,0
9.65,7.93,21.18,missing,o,d,u,r,x,missing,1
9.36,7.3,16.9,missing,p,l,a,p,x,y,0
7.29,5.66,7.75,missing,n,d,a,f,x,y,1
3.04,4.7,4.51,missing,p,d,u,f,f,missing,1
2.49,7.11,14.21,missing,f,d,a,f,o,g,1
3.93,2.67,5.18,missing,y,missing,a,f,f,missing,1
3.57,4.78,11.76,missing,missing,d,u,missing,x,missing,0
4.52,6.67,10.98,missing,p,missing,u,z,x,missing,1
8.39,8.34,15.94,missing,y,d,a,f,x,missing,0
1.48,3.89,1.05,missing,o,g,a,f,x,missing,1
2.37,7.91,2.59,missing,n,missing,u,e,p,t,1
4.67,5.44,6.87,missing,n,missing,a,f,x,missing,1
12.34,7.19,27.09,missing,missing,d,w,f,f,missing,0
6.6,10.11,11.86,missing,w,d,s,z,p,s,1
9.34,6.21,16.98,missing,y,d,u,p,x,missing,0
6.92,11.16,23.32,missing,missing,d,missing,f,x,y,0
2.58,5.33,2.75,k,n,missing,missing,f,x,s,1
6.8,9.81,21.95,missing,g,d,missing,f,x,y,0
2.53,5.47,2.66,missing,g,d,s,f,f,missing,1
8.32,9.62,16.86,missing,w,d,u,missing,x,missing,0
5.24,0.0,0.0,missing,missing,d,a,missing,o,f,1
6.61,4.37,12.88,missing,p,m,a,e,f,missing,0
8.73,9.21,18.12,missing,missing,l,a,p,p,y,1
3.45,4.61,4.31,missing,w,d,u,f,f,missing,0
3.33,4.79,4.82,missing,missing,d,u,f,b,s,1
4.7,5.83,6.97,missing,f,d,a,f,s,missing,0
4.49,3.67,8.99,missing,y,d,a,f,x,missing,0
3.9,4.28,5.18,missing,r,d,a,f,b,t,1
10.77,9.12,17.94,missing,p,d,missing,l,missing,y,1
4.88,5.07,5.85,missing,y,d,u,missing,x,i,1
4.56,6.39,7.04,missing,n,d,a,f,c,missing,1
9.29,7.31,16.92,missing,missing,d,w,f,x,missing,0
15.59,10.32,18.17,missing,w,d,missing,missing,x,missing,0
6.93,11.04,16.76,missing,w,d,a,g,x,missing,0
6.34,6.8,11.04,missing,w,d,a,f,s,missing,1
13.77,6.45,27.47,missing,p,d,missing,f,s,missing,0
8.51,7.01,29.72,missing,w,d,s,f,x,missing,0
4.77,6.15,7.12,missing,missing,d,a,f,missing,missing,0
8.41,16.79,18.91,missing,k,d,a,f,missing,missing,1
9.98,8.53,15.87,missing,p,d,u,missing,s,missing,1
6.66,7.31,16.11,missing,p,d,u,f,x,i,1
9.69,6.45,30.86,missing,missing,m,u,f,f,missing,0
8.62,4.7,13.84,missing,p,w,a,l,f,missing,0
6.01,4.85,13.79,missing,f,missing,u,f,x,missing,0
4.96,5.36,6.86,missing,w,missing,a,f,x,missing,0
10.65,5.96,24.32,missing,missing,d,u,f,s,missing,0
8.39,7.62,16.97,missing,missing,d,a,p,x,missing,0
4.07,5.03,5.62,missing,u,l,u,f,f,s,0
5.74,5.09,5.41,missing,missing,d,u,r,x,y,0
1.58,3.8,2.21,missing,w,g,missing,f,missing,t,0
0.64,0.0,0.0,missing,f,missing,s,f,o,f,1
0.64,0.0,0.0,n,w,d,missing,f,o,f,1
6.43,6.93,11.27,missing,w,d,s,f,x,missing,0
6.32,5.8,12.4,missing,o,missing,missing,f,x,missing,0
6.81,4.33,12.14,missing,missing,missing,u,missing,s,missing,1
8.77,6.92,14.55,missing,p,d,a,f,s,missing,1
9.28,5.78,19.64,missing,missing,d,a,f,x,s,0
6.53,8.1,10.02,missing,missing,d,a,z,x,missing,0
11.45,8.68,27.46,n,o,d,missing,r,x,missing,1
4.04,4.1,6.2,missing,p,d,u,f,f,missing,1
10.38,9.94,23.7,missing,missing,d,a,f,x,missing,0
10.55,9.05,18.2,missing,p,d,a,l,p,y,0
6.98,4.95,10.89,missing,n,g,a,e,missing,missing,0
2.84,2.97,10.56,missing,missing,missing,missing,f,x,missing,1
8.69,7.38,17.29,missing,n,d,u,p,x,missing,0
3.98,5.14,5.38,missing,w,d,a,f,s,missing,1
6.55,6.33,11.12,missing,p,w,a,r,f,missing,0
1.56,6.34,4.71,missing,u,d,u,f,x,missing,0
8.2,8.51,16.45,missing,missing,l,a,p,x,y,0
1.55,6.94,2.2,missing,missing,missing,u,f,x,missing,0
3.15,4.97,3.75,missing,p,missing,a,f,missing,i,1
10.4,7.65,23.58,missing,w,d,a,e,f,missing,0
10.05,13.01,22.72,w,w,d,u,f,p,missing,1
8.14,9.69,16.31,missing,w,missing,missing,f,f,missing,1
1.79,3.38,1.48,missing,g,d,w,f,b,missing,0
4.25,4.7,4.64,missing,y,d,w,f,f,s,1
5.58,5.4,8.88,missing,w,g,u,f,f,i,0
7.51,6.91,14.29,missing,y,d,missing,f,x,missing,0
7.81,5.83,15.37,missing,w,missing,a,missing,s,missing,0
7.96,7.21,12.44,missing,r,d,a,f,x,missing,0
5.07,4.93,7.78,missing,w,missing,a,f,b,missing,0
8.58,6.31,9.58,missing,w,d,s,f,x,missing,0
4.14,4.32,6.4,missing,missing,g,u,f,x,missing,0
5.95,5.67,9.95,missing,y,l,a,f,f,missing,1
4.68,2.55,6.76,missing,missing,g,a,f,x,missing,1
5.64,5.42,8.98,missing,y,d,u,f,x,missing,0
3.17,3.94,4.4,missing,w,g,missing,f,f,missing,0
11.18,3.62,25.16,missing,f,d,s,f,o,g,1
5.79,4.16,11.53,missing,missing,w,a,l,x,missing,0
5.54,5.54,8.94,missing,n,d,a,z,x,missing,1
9.22,3.82,19.23,missing,missing,d,missing,f,c,missing,0
5.75,6.0,9.48,missing,n,d,a,missing,x,missing,0
10.37,4.47,12.0,missing,o,d,a,f,s,missing,1
7.42,6.86,14.01,missing,y,d,u,missing,x,missing,0
1.39,4.66,1.53,missing,missing,missing,a,f,c,missing,0
6.58,5.76,11.08,missing,missing,d,u,f,x,y,0
10.26,9.34,23.24,missing,y,d,a,f,x,missing,0
4.72,3.74,11.76,missing,f,d,a,f,f,missing,0
5.59,4.74,9.0,missing,g,missing,a,f,f,missing,0
9.16,7.02,21.32,missing,g,missing,w,f,x,missing,0
8.46,3.61,9.56,missing,missing,missing,a,f,x,missing,0
8.98,4.27,18.22,missing,missing,d,a,f,f,missing,0
6.27,4.54,4.35,missing,n,d,w,missing,missing,missing,0
2.67,6.55,2.92,missing,n,m,a,f,b,missing,1
4.9,12.0,62.04,g,f,missing,u,f,missing,missing,0
2.99,5.82,4.47,missing,u,d,u,f,x,missing,1
2.54,3.97,2.65,missing,g,g,a,f,b,missing,1
5.14,5.03,7.95,missing,p,g,missing,f,f,missing,0
8.8,10.9,17.32,missing,w,d,u,g,f,missing,0
4.45,10.33,6.53,missing,n,g,w,missing,b,missing,1
5.16,3.37,7.89,missing,missing,d,a,f,s,missing,0
8.71,6.3,10.74,missing,w,l,a,f,f,i,0
7.03,4.41,12.66,missing,missing,missing,a,f,s,t,1
7.43,6.87,14.06,missing,r,d,u,f,x,missing,0
3.31,0.0,0.0,missing,f,d,w,f,o,f,1
4.89,3.66,7.29,missing,o,h,u,f,s,missing,1
4.09,7.04,4.14,missing,u,d,u,f,x,missing,0
0.79,3.55,0.82,missing,y,d,u,f,x,missing,1
8.18,7.46,17.74,missing,missing,missing,u,f,x,missing,0
3.54,4.26,2.6,missing,missing,missing,u,f,s,h,1
5.52,17.82,9.21,missing,w,d,u,f,x,g,1
11.11,10.37,16.17,w,w,d,u,missing,missing,i,0
1.8,4.04,2.73,missing,k,g,w,missing,f,missing,0
5.07,6.81,7.86,missing,f,d,a,f,s,missing,0
3.7,4.95,6.82,missing,p,d,a,f,s,missing,0
6.42,8.39,11.31,missing,y,d,a,f,f,i,0
1.07,6.41,2.5,missing,n,g,missing,f,c,missing,0
4.96,4.13,5.89,missing,missing,d,u,f,f,k,1
3.78,5.76,7.22,missing,o,d,w,f,x,t,0
5.29,5.48,7.33,missing,w,missing,a,f,x,missing,1
4.31,4.74,10.4,missing,n,d,a,f,x,missing,0
5.6,6.65,13.04,missing,missing,d,u,f,c,missing,1
4.81,6.16,7.23,missing,o,d,w,missing,f,t,0
18.84,20.27,83.37,missing,y,d,a,f,p,missing,0
2.5,2.82,5.56,missing,missing,missing,a,f,missing,missing,0
2.37,4.91,2.39,missing,k,g,a,f,f,missing,0
4.37,7.79,6.48,missing,y,d,w,missing,f,k,0
2.4,7.02,2.47,missing,w,d,a,f,x,missing,0
4.33,4.94,6.11,missing,y,m,a,f,b,t,1
2.24,4.58,3.16,missing,w,g,u,f,b,missing,0
4.3,5.68,6.07,k,r,d,missing,z,x,missing,1
5.4,3.94,12.48,missing,r,d,a,f,x,missing,1
2.48,4.97,2.57,missing,n,g,a,f,x,s,1
7.34,4.41,16.31,missing,w,missing,a,f,x,missing,0
8.96,7.55,18.75,missing,o,d,a,f,s,missing,1
5.65,5.87,12.65,missing,o,d,a,f,s,missing,0
1.65,4.63,1.61,missing,n,missing,a,f,b,t,1
6.23,8.08,10.79,missing,w,l,a,f,x,s,0
3.66,5.22,26.74,missing,f,missing,a,f,o,g,1
5.55,4.78,9.82,missing,g,d,a,f,b,s,0
4.28,5.83,6.82,missing,r,missing,a,f,x,missing,0
8.57,7.57,17.52,missing,n,missing,a,p,x,missing,0
3.96,5.66,7.18,missing,o,missing,a,f,f,t,0
3.1,6.61,3.68,missing,p,h,u,f,s,missing,0
1.41,5.3,0.98,missing,p,missing,a,missing,c,missing,0
6.68,4.51,11.81,missing,n,g,u,missing,p,missing,0
9.09,16.13,18.5,missing,k,d,a,f,b,missing,1
8.78,19.07,12.83,missing,p,g,s,e,f,s,0
2.49,4.89,2.59,missing,k,d,s,f,f,missing,0
10.07,2.21,21.74,missing,f,d,u,f,o,g,1
8.68,5.75,17.73,missing,o,d,a,f,s,missing,0
7.87,6.12,15.29,missing,r,d,a,f,x,i,1
7.38,6.24,10.79,missing,w,d,u,f,x,i,0
1.16,4.37,1.4,missing,n,g,missing,f,b,t,1
4.23,5.84,8.61,missing,y,d,u,f,x,missing,0
2.3,4.87,2.28,missing,k,d,w,f,x,missing,0
9.5,7.17,29.03,missing,w,d,missing,f,f,missing,0
7.46,8.43,9.82,missing,n,d,a,missing,x,y,1
3.34,6.44,4.13,missing,g,d,a,f,f,missing,1
12.51,9.11,31.51,missing,w,missing,u,missing,x,missing,1
4.33,5.65,7.85,missing,o,d,a,f,f,t,0
7.42,6.92,14.04,missing,y,missing,u,f,x,missing,0
4.42,3.3,6.24,missing,n,d,u,f,f,missing,1
10.5,7.69,19.62,p,missing,d,u,f,p,missing,1
4.97,8.53,11.1,missing,n,d,a,missing,x,missing,0
6.7,6.5,11.97,missing,r,d,a,f,x,missing,1
2.87,4.75,3.24,missing,w,missing,a,f,b,missing,0
5.25,5.42,10.14,missing,w,d,u,f,f,missing,0
4.47,3.96,6.38,missing,o,missing,w,missing,x,missing,1
16.68,25.61,19.61,missing,missing,m,a,m,p,missing,0
19.08,6.74,37.56,missing,missing,d,u,f,f,k,1
6.05,6.75,13.19,missing,p,w,a,r,x,missing,0
17.19,11.82,18.37,missing,w,g,u,missing,x,missing,0
10.24,9.79,18.03,missing,missing,l,a,l,x,y,0
3.21,5.64,34.12,missing,f,p,u,f,o,g,1
6.84,5.91,12.32,missing,w,d,a,g,x,missing,0
1.83,3.41,1.53,missing,g,d,w,f,missing,missing,0
3.24,6.25,6.97,missing,f,d,a,f,s,missing,0
5.84,6.05,9.71,missing,w,d,a,f,x,y,0
9.37,7.17,20.07,missing,missing,d,a,f,f,y,1
5.94,8.61,10.07,missing,n,d,u,missing,x,missing,0
8.96,7.6,18.76,missing,p,d,u,f,x,i,1
8.58,5.8,20.53,missing,p,g,w,f,x,missing,0
6.89,5.71,9.38,missing,w,missing,a,missing,f,i,1
10.87,7.31,19.99,missing,w,d,a,f,missing,missing,0
3.7,5.58,4.83,missing,n,d,a,l,x,t,0
6.03,7.45,10.24,missing,w,g,a,l,x,missing,1
4.42,3.43,9.19,missing,missing,d,a,f,missing,missing,0
8.36,6.87,14.17,missing,p,m,u,e,p,missing,0
9.3,7.73,15.07,missing,missing,d,a,missing,missing,missing,0
8.74,8.11,9.67,p,w,d,w,f,x,missing,0
9.2,21.54,13.04,missing,p,u,w,missing,p,s,0
7.46,2.16,12.23,missing,y,d,w,f,missing,missing,1
8.22,9.17,14.95,missing,y,d,a,f,x,missing,1
12.79,9.89,23.97,missing,y,d,a,f,x,missing,0
7.95,11.21,17.41,missing,w,d,u,g,x,missing,0
4.58,4.25,6.63,missing,p,d,a,f,s,missing,0
8.54,5.83,17.3,missing,p,g,w,f,x,missing,0
3.88,3.78,6.43,missing,w,m,missing,f,x,missing,1
7.67,13.22,13.45,missing,w,d,a,l,b,y,1
1.4,3.91,0.95,w,o,g,a,f,f,missing,1
7.99,3.77,11.93,missing,missing,d,missing,f,missing,missing,0
6.1,11.31,11.38,missing,w,d,a,f,c,s,0
5.52,5.57,8.88,missing,missing,h,missing,missing,x,missing,0
16.54,10.79,18.5,missing,w,g,missing,missing,missing,missing,0
2.04,1.19,1.79,missing,y,d,a,f,o,missing,1
13.55,5.98,35.24,missing,y,missing,a,f,s,k,1
3.42,7.15,3.19,missing,missing,d,a,f,b,missing,0
7.36,6.78,13.53,missing,missing,m,w,f,s,missing,0
7.37,4.66,13.73,missing,missing,d,a,f,x,y,1
3.08,6.13,3.64,missing,missing,g,u,r,x,y,1
12.2,9.06,25.56,missing,w,l,w,f,f,missing,0
3.24,4.15,3.23,missing,w,g,u,r,x,y,1
6.08,6.18,10.33,missing,g,d,a,f,missing,s,0
8.57,7.72,17.54,missing,w,d,a,f,x,missing,0
1.78,2.94,1.45,missing,g,d,w,f,p,missing,0
10.24,8.33,28.08,missing,e,missing,a,f,x,missing,1
6.62,5.93,11.51,missing,n,d,u,f,f,missing,1
2.94,5.06,5.58,missing,w,g,missing,f,x,missing,0
8.75,24.09,18.73,missing,w,d,a,m,p,missing,0
8.08,8.32,12.29,missing,missing,missing,missing,f,f,i,1
7.74,7.03,14.98,missing,missing,d,a,f,missing,missing,0
10.63,10.34,31.55,p,w,missing,u,f,p,missing,1
12.89,7.48,18.53,missing,n,m,a,r,x,missing,0
5.18,2.56,12.73,missing,missing,d,a,f,f,missing,0
7.67,5.2,17.2,missing,p,missing,missing,f,s,missing,0
3.04,4.71,3.53,missing,w,m,a,e,f,missing,1
2.55,5.28,2.7,k,missing,missing,u,f,x,s,1
6.02,6.26,4.38,missing,n,missing,w,l,x,t,0
12.46,9.35,31.36,missing,o,d,a,f,x,missing,1
2.55,3.97,2.66,missing,w,d,a,f,x,t,0
15.71,8.45,26.19,missing,w,l,a,f,x,missing,0
6.01,4.87,13.15,missing,n,w,u,l,x,missing,0
7.76,22.0,21.21,missing,p,u,missing,e,p,s,0
9.16,8.39,11.14,missing,p,d,u,f,x,i,0
4.21,5.46,5.87,missing,o,d,a,f,f,t,0
9.63,7.9,20.97,missing,b,d,a,f,f,missing,0
12.2,9.97,30.4,p,w,d,a,f,p,missing,1
10.98,9.82,22.48,missing,w,missing,u,g,x,missing,0
0.64,0.0,0.0,n,w,missing,missing,f,o,f,1
1.38,5.39,1.54,missing,w,h,a,f,x,t,0
5.63,5.37,11.95,missing,o,d,missing,f,s,missing,0
9.1,9.14,11.01,p,p,d,missing,f,x,missing,0
7.75,10.96,18.12,missing,missing,m,a,l,p,missing,0
3.5,3.24,8.28,missing,w,g,a,f,x,missing,0
9.64,7.99,21.63,missing,b,d,missing,f,f,missing,0
4.7,8.33,9.9,missing,w,missing,a,missing,x,missing,0
11.15,6.18,13.16,missing,n,missing,missing,f,s,missing,1
8.57,7.38,17.52,missing,y,d,a,f,x,missing,0
5.28,5.1,11.43,missing,b,d,w,f,s,missing,0
7.16,12.65,13.54,missing,w,d,a,missing,missing,s,0
7.42,6.87,18.83,missing,w,missing,u,f,x,missing,0
7.26,6.79,13.57,missing,missing,missing,u,e,x,missing,1
54.98,9.84,44.03,missing,y,missing,s,missing,o,k,0
2.18,5.73,4.72,missing,w,d,a,f,x,missing,0
5.75,4.98,9.42,missing,w,d,missing,f,b,s,0
10.42,12.54,24.0,missing,g,d,missing,f,x,y,0
6.77,6.54,12.18,missing,missing,w,a,r,f,missing,0
5.05,4.9,7.73,k,k,g,u,missing,x,s,1
14.38,8.49,17.83,missing,g,m,a,l,p,missing,0
13.76,8.52,24.55,missing,w,d,a,f,x,missing,0
8.27,7.19,16.58,missing,y,d,a,f,x,i,1
0.5,3.03,0.57,missing,y,d,a,f,x,missing,1
7.08,4.5,12.54,missing,g,d,a,f,s,t,1
52.12,10.04,46.21,missing,y,d,u,f,o,k,0
9.8,9.1,21.29,missing,b,d,missing,f,f,missing,0
6.94,6.78,16.48,missing,missing,d,u,f,x,missing,0
16.0,5.84,45.59,missing,y,d,w,f,x,missing,1
2.56,6.69,4.45,missing,w,missing,u,f,x,missing,0
7.93,7.56,14.5,missing,n,g,a,l,x,missing,0
1.9,5.01,1.66,missing,g,l,missing,f,c,missing,0
2.28,4.45,2.24,missing,k,d,u,f,f,missing,0
8.43,7.02,15.05,missing,y,missing,a,f,x,s,0
6.49,10.03,11.56,missing,w,d,a,f,x,i,0
8.06,9.07,12.77,missing,n,missing,missing,missing,missing,missing,0
4.65,4.34,6.78,missing,missing,d,a,f,x,y,1
5.49,6.62,12.41,missing,g,d,a,f,x,missing,1
4.56,5.47,6.64,missing,o,d,missing,f,x,t,0
6.66,6.8,13.52,missing,w,missing,u,missing,s,missing,0
5.86,6.46,9.61,missing,missing,l,w,f,f,s,0
1.51,6.14,2.27,missing,w,g,a,f,x,t,0
11.35,8.38,24.96,missing,missing,missing,u,f,x,missing,1
5.84,6.05,9.71,missing,w,missing,missing,missing,f,missing,0
6.9,2.77,12.25,missing,w,d,a,f,x,missing,1
7.86,3.74,11.49,missing,missing,g,a,missing,x,missing,0
6.45,7.85,11.36,missing,y,d,a,f,f,missing,0
0.6,3.23,0.66,missing,missing,d,a,f,x,missing,0
6.9,7.66,12.58,missing,missing,d,u,f,s,missing,1
10.77,5.12,26.65,missing,w,missing,a,f,o,missing,0
3.66,7.62,4.78,missing,u,missing,u,f,x,missing,0
5.2,7.22,8.17,k,n,m,u,e,b,y,1
5.45,8.14,8.82,missing,missing,missing,a,missing,x,missing,0
4.15,5.36,6.52,missing,o,g,w,f,x,missing,0
4.89,7.75,7.45,missing,missing,d,u,missing,x,missing,0
14.1,9.73,38.02,missing,w,d,u,f,x,y,0
24.74,30.15,21.33,missing,w,d,u,m,f,missing,1
6.04,5.07,9.43,missing,missing,l,missing,f,s,s,0
3.65,8.09,6.44,missing,y,d,u,z,x,missing,1
8.62,7.44,17.69,missing,o,d,a,f,s,missing,1
7.53,6.19,14.64,missing,y,d,a,missing,x,missing,0
7.68,10.73,14.98,missing,w,d,u,e,x,missing,1
6.63,13.54,12.32,missing,missing,d,a,e,b,y,1
7.01,12.57,26.55,missing,g,d,a,f,x,y,0
3.52,3.84,4.42,missing,p,missing,a,f,s,missing,0
1.07,2.79,1.55,missing,missing,d,a,missing,x,missing,1
17.21,8.24,24.68,w,y,d,u,f,s,missing,0
6.38,4.52,11.36,missing,y,d,missing,f,x,missing,0
4.7,5.47,9.81,missing,w,l,w,f,f,missing,1
5.73,6.49,7.78,missing,r,d,u,missing,c,missing,1
9.32,7.32,16.99,missing,w,d,a,f,missing,missing,0
2.29,4.77,4.61,missing,w,d,missing,f,x,missing,1
13.67,9.47,18.06,missing,w,d,missing,missing,x,i,0
6.79,6.7,13.0,missing,w,d,u,g,f,missing,0
4.85,4.62,7.25,missing,missing,missing,u,f,b,t,1
3.99,8.25,7.39,missing,n,d,u,missing,missing,missing,0
7.82,7.9,15.25,missing,w,d,u,g,f,missing,0
3.65,5.62,4.72,missing,n,d,u,r,x,missing,0
8.93,7.19,16.13,missing,o,missing,missing,f,s,missing,0
18.23,6.64,56.08,missing,f,d,u,f,o,missing,0
8.9,7.81,20.22,missing,w,d,a,missing,x,missing,0
9.43,7.08,9.98,p,p,d,missing,missing,x,i,0
7.7,7.0,14.85,missing,n,d,u,f,x,missing,0
12.4,9.49,15.52,w,w,d,u,missing,f,i,0
6.41,11.02,22.77,missing,g,missing,a,f,x,y,0
10.32,6.07,24.49,missing,y,d,missing,f,s,missing,1
6.63,4.58,11.68,missing,n,missing,u,f,x,missing,0
9.04,11.79,11.99,missing,k,g,s,e,f,s,0
4.99,8.02,9.26,missing,n,g,missing,missing,x,missing,0
16.5,11.63,35.15,missing,e,missing,a,f,x,missing,1
7.72,6.62,12.73,missing,p,w,u,l,f,missing,0
4.08,2.78,5.49,missing,missing,m,a,f,f,missing,1
11.28,5.45,26.47,missing,b,missing,a,f,x,missing,1
3.76,7.69,7.74,missing,missing,d,a,missing,x,missing,1
10.71,5.41,23.3,missing,missing,d,missing,f,s,missing,0
8.09,8.19,16.16,missing,missing,missing,u,f,missing,missing,1
7.5,6.91,14.26,missing,p,missing,u,r,f,missing,0
4.13,2.74,5.59,missing,o,m,a,missing,f,missing,1
4.46,5.94,4.87,missing,y,l,a,f,f,missing,1
7.21,7.13,13.88,missing,missing,missing,u,missing,x,missing,0
5.81,4.79,9.56,missing,missing,d,u,f,x,missing,0
7.76,6.08,10.09,missing,p,d,missing,f,f,missing,1
8.98,6.74,13.53,missing,y,missing,u,f,x,s,0
2.8,5.22,5.92,missing,n,d,u,f,x,s,1
2.46,3.9,2.51,missing,g,missing,s,f,f,missing,0
9.44,7.42,20.31,missing,k,d,u,f,s,missing,0
8.21,5.96,12.82,missing,missing,d,u,missing,x,missing,0
7.79,7.79,15.15,missing,y,d,a,missing,x,missing,0
6.79,10.43,24.67,missing,g,d,u,f,x,y,0
6.85,6.58,12.39,missing,w,u,missing,e,f,s,0
6.9,8.09,12.62,missing,missing,g,u,l,x,missing,1
4.2,5.03,5.83,missing,p,d,u,f,f,missing,0
4.95,5.41,7.51,missing,o,d,w,f,f,t,1
5.27,5.52,4.4,missing,n,missing,missing,l,missing,t,1
20.12,10.56,37.76,missing,y,d,a,f,x,missing,0
2.34,10.06,2.41,missing,k,g,a,f,missing,missing,1
3.42,5.8,6.18,missing,n,d,u,f,x,s,0
5.14,5.65,7.96,k,n,g,a,z,x,i,0
7.22,5.92,17.05,missing,w,d,a,f,s,missing,0
4.98,6.28,8.3,missing,y,missing,a,f,x,g,1
2.92,4.3,2.9,missing,w,g,a,f,b,missing,0
6.43,4.98,11.24,missing,g,d,u,f,b,s,0
4.23,6.98,4.89,missing,e,d,a,f,f,missing,0
8.13,4.19,15.92,missing,w,d,missing,f,f,missing,0
6.84,8.5,13.76,missing,w,g,u,l,x,missing,1
10.43,8.96,23.82,missing,missing,missing,a,f,f,missing,0
11.18,8.9,26.47,missing,o,d,u,f,x,missing,1
9.76,6.35,11.57,missing,p,missing,a,e,p,s,0
7.49,7.23,14.26,missing,y,d,u,missing,x,missing,0
8.04,9.52,15.99,missing,p,d,missing,p,p,missing,0
1.73,3.12,1.38,missing,missing,d,w,f,p,missing,0
1.43,4.9,1.0,missing,w,h,missing,f,x,missing,0
6.89,5.91,9.92,missing,p,d,a,f,missing,y,0
21.96,27.69,19.81,missing,missing,d,a,m,p,missing,0
3.29,3.71,4.32,n,e,d,a,f,x,missing,1
6.87,3.44,8.15,missing,w,g,a,missing,s,missing,0
7.66,7.66,9.73,missing,n,missing,a,f,x,missing,1
3.67,2.84,5.45,missing,w,g,w,f,x,missing,0
7.69,5.38,26.45,missing,w,m,u,f,f,missing,0
20.12,17.22,35.59,missing,w,d,u,f,x,y,0
4.2,3.85,6.75,missing,w,m,w,missing,x,missing,0
7.26,12.83,13.82,missing,w,d,a,missing,x,s,0
10.39,11.11,11.82,missing,w,h,a,f,f,i,1
14.11,15.59,33.71,missing,n,d,u,missing,x,y,0
4.51,2.67,6.4,missing,w,g,u,f,s,missing,1
5.69,5.83,9.32,missing,y,missing,a,f,missing,missing,1
4.68,6.0,6.93,k,k,d,u,f,f,missing,1
7.42,6.06,13.96,missing,w,d,missing,f,s,missing,0
8.3,17.19,17.11,missing,missing,missing,a,p,x,y,1
3.87,6.81,4.86,missing,w,d,u,f,x,missing,0
11.76,6.57,14.6,missing,missing,d,a,f,s,missing,1
3.05,5.17,5.95,missing,missing,d,u,f,x,s,0
12.16,9.99,17.53,missing,w,d,a,missing,x,i,1
5.59,5.67,9.05,missing,f,d,a,f,s,missing,0
7.94,11.31,15.79,missing,w,d,missing,g,x,missing,1
7.46,7.89,14.31,missing,w,d,missing,missing,p,missing,0
8.04,4.9,15.71,missing,y,d,a,f,s,missing,1
5.23,6.51,8.21,missing,n,d,u,f,c,missing,1
5.24,2.77,11.97,missing,r,missing,a,f,x,missing,1
6.71,12.31,12.24,missing,w,d,a,e,b,y,1
8.68,6.91,19.87,missing,w,d,a,f,x,missing,0
7.39,5.19,11.62,missing,r,d,u,f,x,missing,0
11.33,7.37,26.88,missing,missing,d,w,f,s,missing,0
3.64,4.97,5.9,n,e,d,a,f,x,missing,1
10.91,6.63,25.29,missing,w,d,missing,e,x,missing,0
4.67,7.22,13.79,missing,n,d,a,f,x,missing,0
1.34,3.83,0.87,missing,n,d,u,f,x,missing,1
1.99,3.41,1.77,missing,w,l,a,f,x,missing,1
8.29,8.97,16.75,missing,p,d,a,l,p,y,0
1.64,4.12,1.46,missing,n,h,a,f,b,missing,1
2.69,5.24,6.14,missing,w,m,missing,f,missing,missing,0
16.48,9.78,30.13,missing,e,d,a,f,x,missing,1
6.5,6.4,11.43,missing,missing,missing,u,f,missing,s,0
8.54,7.41,17.43,missing,g,g,w,f,missing,missing,0
10.86,6.57,19.25,missing,n,d,missing,f,s,missing,0
3.04,0.0,0.0,missing,f,missing,u,f,o,f,1
7.03,6.17,12.87,missing,n,missing,a,e,f,missing,0
1.44,4.08,1.45,missing,n,d,missing,f,o,missing,1
7.33,4.96,21.53,missing,missing,missing,s,f,f,missing,0
6.81,4.97,12.18,missing,k,m,a,e,x,missing,0
8.54,7.4,17.42,missing,o,d,u,f,s,missing,0
4.78,6.48,7.17,missing,r,l,a,f,missing,missing,0
5.47,4.82,8.35,missing,n,d,a,l,x,missing,0
8.86,7.69,18.59,missing,missing,d,a,f,f,missing,1
7.16,10.35,13.44,missing,n,missing,a,missing,f,i,0
4.55,5.67,6.34,missing,r,missing,u,f,x,missing,0
5.34,4.82,8.42,missing,w,missing,u,f,f,i,0
5.64,6.9,9.24,missing,missing,missing,u,f,c,missing,1
8.46,8.22,17.24,missing,y,d,a,f,x,missing,0
7.96,10.09,15.78,missing,w,d,a,g,x,missing,0
5.75,5.99,9.47,missing,missing,d,s,missing,x,missing,0
5.26,6.46,13.84,missing,n,d,a,missing,x,missing,0
12.48,11.04,17.03,missing,w,d,a,e,f,missing,1
6.38,6.34,11.12,missing,p,d,a,f,x,missing,1
4.32,5.49,6.85,missing,missing,d,missing,missing,missing,missing,1
8.02,7.47,15.82,missing,missing,d,a,f,f,y,1
3.39,6.64,3.36,missing,n,missing,missing,f,b,missing,0
6.6,6.45,11.7,missing,w,d,u,g,x,missing,0
6.8,6.55,12.25,missing,missing,d,missing,f,f,i,0
7.68,4.6,12.92,missing,w,d,missing,f,s,t,1
6.05,6.16,10.25,missing,e,d,a,missing,x,missing,0
5.84,6.05,9.71,missing,n,missing,a,p,x,missing,0
21.18,8.23,30.64,missing,missing,missing,missing,f,f,missing,1
6.24,5.77,11.13,missing,g,d,u,f,f,s,0
11.12,8.44,25.36,missing,missing,d,a,f,x,missing,0
8.48,4.63,11.66,missing,n,d,a,f,f,missing,1
1.66,3.15,1.28,missing,n,d,missing,f,x,missing,1
5.3,7.68,8.42,missing,y,m,u,f,x,missing,1
4.12,4.29,10.64,missing,n,d,a,f,x,missing,0
1.69,3.7,1.34,missing,n,d,u,f,b,t,1
12.58,6.4,31.49,missing,y,d,missing,f,o,k,0
3.33,4.53,4.08,missing,w,d,u,f,x,missing,0
6.42,4.92,10.21,missing,missing,d,u,f,f,s,0
4.43,5.37,6.75,missing,missing,l,missing,f,x,missing,0
7.38,7.07,13.93,missing,y,missing,a,missing,x,missing,0
1.6,7.84,2.86,missing,y,missing,u,f,f,missing,1
2.59,4.65,6.03,missing,p,d,a,f,s,missing,0
1.12,5.86,0.96,missing,missing,missing,u,f,f,missing,0
3.35,4.54,4.1,missing,n,missing,u,f,x,missing,0
2.91,4.06,2.89,missing,missing,d,a,f,missing,missing,1
16.83,11.09,18.71,missing,w,d,u,missing,x,missing,0
3.59,5.12,3.47,missing,w,h,a,r,x,y,1
54.35,8.15,32.7,missing,missing,d,u,f,o,k,0
7.69,4.77,8.26,missing,w,d,a,f,missing,i,0
10.07,8.1,22.49,missing,missing,d,missing,f,f,missing,0
7.6,3.91,14.32,missing,missing,d,a,f,x,missing,0
5.48,2.94,6.11,missing,y,h,u,f,s,missing,1
7.88,5.27,15.27,missing,f,d,u,f,x,missing,0
0.56,3.3,0.63,missing,y,d,u,missing,x,missing,1
4.9,3.71,5.43,missing,missing,missing,missing,r,x,s,0
11.88,8.86,29.09,missing,w,m,u,f,f,missing,0
8.97,2.87,18.31,missing,missing,d,w,f,f,missing,1
11.61,7.75,20.22,missing,u,l,w,f,f,missing,0
7.68,8.83,14.45,missing,w,d,u,l,x,missing,1
2.92,6.61,43.5,missing,f,l,a,f,o,missing,0
3.84,5.61,5.1,missing,n,d,w,l,x,t,0
3.08,5.77,3.63,missing,w,g,u,r,x,y,1
4.2,4.5,5.82,missing,r,m,missing,f,f,t,1
8.67,4.84,17.63,missing,b,d,a,f,f,missing,0
10.53,7.21,21.59,missing,n,d,missing,f,x,missing,0
2.47,3.01,2.51,missing,g,missing,missing,f,b,missing,1
4.11,0.0,0.0,missing,f,d,u,f,o,f,1
4.24,5.12,5.93,missing,w,m,w,f,missing,missing,0
2.11,6.03,2.94,missing,missing,missing,a,f,b,missing,1
2.18,5.57,7.17,missing,w,missing,u,missing,x,missing,1
7.63,7.2,13.16,missing,r,missing,u,f,x,missing,0
2.38,5.01,2.4,missing,g,missing,u,f,f,missing,0
1.91,4.82,2.52,missing,n,g,missing,f,b,missing,1
14.97,7.16,16.63,missing,w,missing,a,missing,x,missing,0
4.1,4.2,7.79,missing,y,d,u,f,x,missing,0
8.16,11.1,16.74,missing,w,d,a,g,x,missing,1
9.05,5.41,18.86,missing,f,l,s,f,c,missing,0
20.46,9.51,36.86,missing,missing,d,a,f,missing,missing,1
5.82,6.03,9.64,missing,p,missing,a,missing,x,i,0
5.77,5.12,6.1,missing,w,d,u,f,s,missing,1
6.61,7.21,11.77,missing,y,d,u,f,x,missing,0
8.8,8.1,18.29,missing,missing,d,a,p,x,missing,0
7.62,5.43,14.5,missing,w,missing,u,f,x,missing,0
7.45,5.35,13.79,missing,n,missing,a,l,f,missing,0
7.01,6.11,12.46,missing,w,missing,a,g,x,missing,0
9.08,6.48,10.25,p,missing,missing,a,f,x,i,0
6.99,6.52,12.78,missing,y,d,u,missing,x,missing,0
10.69,2.88,23.98,missing,f,d,s,f,missing,g,1
5.84,6.05,9.71,missing,missing,g,a,f,s,missing,1
5.65,6.7,9.24,missing,w,d,a,f,x,missing,1
12.86,7.58,19.19,w,k,d,w,f,f,missing,0
4.57,5.0,5.43,missing,n,d,w,l,x,missing,0
9.39,6.49,20.07,missing,n,missing,missing,f,x,missing,0
4.93,5.64,7.49,missing,n,missing,w,f,x,y,1
4.92,5.53,7.46,k,k,d,missing,f,x,s,0
8.87,7.66,18.49,missing,n,d,a,p,x,missing,0
5.96,6.66,16.13,missing,missing,d,a,f,x,i,1
8.33,7.31,16.78,missing,y,d,missing,f,missing,missing,0
7.44,10.24,14.25,missing,missing,d,a,f,x,missing,1
4.65,2.9,6.71,missing,w,h,u,f,s,s,0
8.31,7.3,16.7,missing,o,d,a,f,missing,missing,1
12.45,9.09,31.3,missing,missing,d,u,f,x,missing,0
5.93,7.43,10.0,missing,w,d,a,f,x,missing,1
5.86,4.84,9.98,missing,w,d,missing,f,f,s,0
6.8,7.84,15.36,missing,y,d,a,f,x,missing,0
11.91,8.79,14.05,missing,w,d,missing,missing,f,i,0
2.66,3.83,2.85,missing,w,g,u,missing,b,missing,0
3.32,5.25,6.26,missing,missing,m,a,missing,x,missing,0
4.22,4.79,5.86,k,k,missing,missing,f,x,s,0
4.41,4.47,4.03,missing,g,missing,w,f,b,s,0
5.84,6.05,9.71,missing,f,missing,s,f,p,missing,0
5.87,6.43,13.81,missing,w,d,u,f,s,missing,0
4.35,3.86,8.06,missing,g,d,u,missing,x,missing,1
1.6,5.26,2.92,k,n,g,a,f,x,s,1
7.08,5.52,13.31,missing,missing,d,missing,f,f,s,0
6.63,5.69,11.75,missing,w,d,a,f,p,missing,0
3.53,5.24,3.51,missing,w,g,a,r,x,y,0
3.39,5.36,4.21,missing,n,d,a,l,missing,t,0
48.86,5.99,18.73,missing,y,missing,u,f,o,k,0
9.87,7.6,25.04,missing,n,d,w,f,s,missing,0
10.23,11.92,20.97,missing,y,d,missing,missing,x,missing,1
4.29,5.97,6.05,missing,f,missing,a,f,s,missing,0
5.79,6.62,12.45,missing,w,missing,missing,f,c,s,0
1.85,2.42,2.89,missing,n,missing,u,f,x,s,1
2.39,6.44,2.45,missing,w,missing,a,f,x,missing,1
7.96,7.78,15.85,missing,missing,d,u,missing,x,missing,1
4.2,6.11,7.94,missing,o,d,a,f,f,t,0
3.33,3.31,4.34,missing,w,missing,w,f,f,missing,0
3.24,8.1,4.04,missing,missing,h,missing,f,s,i,1
8.59,7.43,17.58,w,w,d,w,missing,f,i,0
12.78,2.54,16.82,missing,y,d,a,f,f,missing,0
0.64,0.0,0.0,n,w,d,missing,f,o,f,1
5.18,5.08,8.04,missing,g,missing,w,f,b,missing,0
4.15,3.68,5.68,missing,g,d,a,f,x,missing,0
6.14,6.91,10.74,missing,missing,d,u,f,missing,missing,1
3.35,6.47,49.1,g,f,l,missing,f,s,missing,0
1.5,2.42,2.49,missing,n,d,u,f,x,s,1
6.85,4.56,12.28,missing,n,missing,u,missing,x,missing,0
0.83,2.43,2.27,missing,missing,g,a,f,b,missing,1
7.49,8.96,11.78,missing,missing,d,a,f,f,t,0
5.79,6.36,9.58,missing,w,g,u,f,f,i,0
11.11,5.33,25.87,missing,missing,g,missing,f,s,missing,1
5.16,5.23,6.42,missing,n,d,s,r,x,missing,0
1.43,3.33,1.37,missing,w,h,u,f,x,t,0
10.13,4.54,22.34,missing,missing,missing,missing,f,o,missing,0
8.93,9.38,18.77,missing,p,d,a,l,x,y,1
8.19,7.24,16.34,missing,w,d,u,g,x,y,1
3.6,6.04,3.9,missing,g,d,s,f,b,s,0
11.29,8.36,21.84,missing,n,missing,missing,l,p,missing,1
8.31,7.92,13.01,missing,missing,g,u,f,x,s,0
9.15,4.43,21.28,missing,w,d,u,f,s,missing,0
6.42,5.94,9.33,missing,n,d,a,f,s,missing,1
7.18,6.84,18.42,missing,w,d,u,f,x,s,0
4.89,5.48,7.28,missing,w,l,a,missing,f,s,0
8.61,7.11,15.61,missing,y,d,u,missing,x,missing,0
3.92,2.62,5.16,missing,missing,m,w,f,x,missing,0
4.56,5.36,6.58,missing,missing,missing,a,f,x,missing,1
13.41,10.58,28.57,missing,missing,m,a,r,x,missing,0
7.58,6.94,14.49,missing,f,d,a,f,f,missing,0
8.69,16.03,9.03,missing,missing,d,a,f,f,g,1
2.61,7.42,2.83,missing,n,g,u,f,f,missing,0
10.38,5.56,23.31,missing,missing,missing,a,f,s,missing,0
10.79,6.91,24.9,missing,w,d,w,f,missing,missing,1
15.91,5.04,45.03,missing,y,d,w,f,f,missing,1
1.74,2.72,1.39,missing,w,d,a,f,x,missing,1
8.52,4.18,10.18,missing,missing,d,a,f,missing,missing,1
13.2,6.01,26.65,missing,w,d,u,f,s,missing,0
2.11,3.98,2.54,p,missing,missing,a,f,x,missing,1
6.37,5.99,11.08,missing,n,d,missing,f,f,missing,1
11.82,5.12,28.42,missing,y,d,a,f,s,k,1
4.35,5.51,7.31,k,missing,d,missing,z,x,missing,1
6.8,5.78,13.19,missing,r,d,a,f,x,missing,1
3.92,5.17,6.06,missing,o,d,a,f,x,t,0
7.21,13.26,13.44,missing,w,d,u,f,c,s,0
1.12,5.48,0.94,missing,missing,d,a,missing,missing,missing,0
5.99,5.36,10.43,missing,w,l,a,f,x,missing,1
12.79,9.22,32.62,missing,w,missing,u,f,f,missing,0
1.49,3.79,1.06,missing,p,missing,w,f,x,h,1
8.88,7.24,25.79,missing,w,m,u,f,f,missing,1
5.92,5.27,9.86,missing,w,missing,a,f,missing,missing,1
6.62,6.79,11.79,missing,n,d,a,f,x,missing,0
1.79,4.6,1.75,missing,missing,d,w,f,missing,missing,1
6.43,12.14,11.48,missing,missing,d,missing,f,x,s,0
5.55,8.59,63.0,g,f,d,u,f,o,missing,0
4.7,6.52,7.97,missing,missing,d,missing,f,missing,missing,0
2.21,6.17,4.62,missing,w,d,w,f,x,missing,0
6.98,5.09,12.68,missing,n,d,u,f,x,missing,1
16.98,16.58,63.6,missing,y,d,u,f,missing,missing,0
4.87,7.14,7.4,missing,f,missing,a,f,s,missing,0
6.59,5.89,12.78,missing,f,d,u,f,x,missing,0
10.24,6.07,10.29,missing,w,d,missing,f,x,i,0
4.49,4.49,7.62,missing,w,d,a,f,f,missing,0
16.72,18.75,77.79,missing,y,missing,missing,f,p,missing,0
10.41,2.22,9.59,missing,y,d,w,f,f,missing,0
3.59,3.78,11.5,missing,k,missing,u,e,x,missing,0
10.93,4.56,25.11,missing,y,d,a,f,f,missing,1
10.39,5.76,23.37,missing,w,d,w,e,x,missing,0
8.66,6.87,28.99,missing,w,m,s,f,x,missing,0
7.23,8.64,12.63,missing,missing,d,a,f,f,t,0
2.21,0.0,0.0,missing,missing,d,w,f,o,f,1
7.41,8.06,14.05,missing,w,d,a,p,x,y,1
15.3,6.99,42.74,missing,y,d,s,f,o,k,0
4.55,5.72,3.46,missing,missing,d,a,f,f,missing,1
6.51,6.4,11.46,missing,n,w,a,l,x,missing,0
5.59,5.51,9.06,missing,w,missing,u,f,missing,s,0
4.13,7.88,7.86,missing,n,d,a,missing,x,missing,0
8.37,2.51,16.43,missing,missing,d,a,f,f,missing,1
6.6,5.41,11.65,missing,n,d,missing,f,x,missing,0
2.78,4.73,3.08,missing,g,d,w,f,f,s,0
2.8,3.6,3.05,p,p,g,a,f,f,missing,1
3.41,4.7,4.22,missing,u,d,u,f,missing,s,1
2.65,3.01,3.58,missing,n,p,a,f,c,i,1
1.61,6.95,2.86,missing,missing,missing,u,f,x,t,0
15.36,9.81,16.91,missing,w,d,missing,missing,x,missing,0
3.03,0.0,0.0,missing,f,d,s,f,o,f,1
3.6,6.15,9.79,missing,n,d,a,f,x,missing,0
13.24,16.72,35.04,missing,w,d,a,missing,x,y,1
8.74,7.5,18.07,missing,u,d,missing,f,missing,missing,0
2.34,7.22,2.99,missing,y,missing,u,f,c,missing,1
5.43,4.18,7.69,missing,y,d,u,f,x,missing,0
10.03,13.26,11.4,missing,k,g,missing,e,f,s,0
6.79,5.59,15.17,missing,y,d,a,f,f,missing,1
3.12,5.75,3.7,missing,missing,l,a,f,f,i,0
9.16,7.69,19.42,missing,missing,missing,a,f,missing,missing,0
4.91,4.7,7.39,missing,p,d,a,f,f,missing,0
14.89,16.17,35.22,missing,w,d,u,f,x,y,0
7.99,4.9,15.56,missing,w,d,a,f,f,missing,1
13.85,9.49,28.42,missing,w,d,a,missing,x,missing,0
5.63,5.55,9.07,missing,missing,d,u,f,x,y,0
2.98,4.86,2.98,missing,w,g,u,missing,b,missing,0
1.22,3.72,1.64,missing,f,missing,a,f,s,missing,0
7.44,6.74,10.32,missing,w,m,missing,f,f,i,0
13.39,9.46,35.07,missing,y,d,s,f,o,k,0
3.49,4.28,3.46,missing,w,d,missing,f,x,k,0
3.3,4.51,3.23,missing,w,missing,u,f,b,missing,0
5.88,4.31,11.7,missing,missing,missing,u,l,f,missing,0
6.83,13.0,13.32,missing,w,d,missing,f,c,s,0
2.26,4.6,2.2,missing,p,d,u,f,x,missing,0
3.7,5.37,9.95,missing,n,d,u,z,x,missing,1
10.29,10.39,23.41,missing,y,d,missing,missing,x,missing,0
8.45,7.36,17.15,missing,missing,d,a,f,b,missing,1
7.12,7.29,13.18,missing,w,g,u,f,p,missing,0
5.47,7.02,8.82,missing,w,d,a,f,s,missing,0
17.98,12.51,77.0,missing,y,d,a,missing,p,missing,1
2.93,6.83,3.39,missing,missing,l,a,f,s,i,0
4.83,6.83,13.39,missing,missing,d,u,f,c,s,0
21.52,32.43,22.69,missing,missing,d,a,m,p,missing,0
4.24,5.11,5.92,missing,o,missing,u,missing,x,missing,0
8.01,6.49,13.86,missing,missing,missing,u,f,x,s,0
4.3,6.43,3.91,missing,w,d,missing,f,f,missing,0
7.24,7.06,13.51,missing,y,d,u,missing,f,missing,1
2.99,3.04,8.77,missing,o,d,missing,f,x,missing,0
4.9,5.52,7.41,k,n,missing,a,e,b,y,1
17.25,5.69,51.23,missing,f,d,w,f,o,missing,0
12.17,6.66,29.94,missing,n,d,a,f,f,missing,1
13.87,9.93,17.72,missing,w,d,u,missing,x,missing,0
1.25,3.1,5.39,missing,f,d,missing,f,x,missing,1
4.55,5.64,4.46,missing,missing,missing,w,l,x,t,0
10.9,11.25,25.65,missing,g,d,a,f,x,y,0
3.02,6.09,9.41,missing,e,d,missing,f,x,missing,0
6.81,6.56,12.3,missing,n,w,a,l,x,missing,0
0.83,3.95,1.04,missing,p,missing,missing,missing,x,h,1
6.81,8.88,11.66,missing,y,missing,a,f,f,t,0
5.99,5.13,10.03,missing,w,missing,a,f,f,s,0
3.36,6.48,6.54,missing,f,d,missing,f,s,missing,0
2.61,8.36,2.43,missing,n,missing,u,f,b,missing,1
5.88,10.44,9.96,missing,n,d,u,missing,x,y,1
1.06,3.55,1.7,missing,w,l,u,f,x,missing,0
2.32,7.3,3.1,missing,n,g,a,f,c,missing,0
6.7,7.98,6.66,missing,missing,d,a,l,x,t,0
9.17,9.04,30.06,p,p,d,missing,f,x,missing,1
1.51,4.79,1.27,missing,g,missing,a,f,c,missing,0
7.01,5.67,7.46,missing,missing,missing,w,f,x,y,1
5.69,5.96,9.33,missing,w,d,a,f,x,missing,1
3.11,6.22,10.03,missing,n,d,missing,z,x,missing,1
10.88,8.44,25.35,missing,y,d,u,f,x,missing,1
2.37,4.57,2.38,missing,missing,missing,s,f,f,missing,0
1.5,5.16,2.46,missing,g,d,s,f,missing,missing,0
10.66,9.67,18.66,missing,missing,missing,a,p,x,y,0
6.23,12.44,13.6,missing,missing,d,a,f,c,s,0
9.77,6.53,20.84,missing,n,d,a,f,x,missing,0
18.76,7.0,58.72,missing,f,l,w,f,o,missing,0
1.5,6.63,2.2,missing,w,h,u,f,x,missing,0
5.97,4.72,9.96,missing,w,d,u,f,b,s,0
5.92,5.67,8.12,missing,w,missing,a,f,missing,s,0
12.48,10.66,24.05,missing,y,missing,a,f,x,missing,0
1.68,5.07,1.34,missing,w,l,a,f,c,missing,0
1.49,3.12,1.06,missing,p,h,a,f,x,missing,0
10.74,7.29,17.0,missing,w,d,missing,g,f,missing,0
4.98,5.89,7.6,missing,o,d,a,f,f,t,0
4.55,5.99,3.9,missing,w,d,missing,f,f,missing,0
6.02,6.69,10.18,missing,missing,l,w,f,missing,s,0
4.04,5.47,7.12,missing,o,d,a,f,f,t,0
2.42,3.92,3.42,missing,n,d,u,f,f,i,1
6.72,6.67,18.12,missing,f,d,u,f,f,missing,0
0.64,0.0,0.0,missing,w,d,a,f,o,f,1
1.53,4.59,2.31,missing,n,missing,a,e,p,t,0
9.36,5.25,19.85,missing,f,l,s,missing,o,missing,1
7.71,4.27,14.68,missing,w,d,u,f,x,missing,0
7.36,8.35,23.87,missing,g,d,missing,f,x,y,0
2.33,5.73,2.34,missing,n,m,u,e,p,missing,1
7.8,9.13,15.27,missing,n,d,missing,p,x,missing,0
7.78,6.79,13.67,missing,w,missing,w,f,x,i,0
2.38,3.5,2.38,missing,missing,g,a,f,b,missing,1
2.28,5.71,5.86,missing,missing,d,a,f,s,missing,0
1.47,4.0,1.04,missing,p,d,w,f,x,h,1
2.51,5.66,2.63,missing,missing,d,a,f,b,missing,0
7.75,4.2,14.6,missing,w,d,u,f,f,missing,0
10.98,7.53,25.65,missing,e,missing,u,f,x,missing,1
4.48,11.82,6.62,k,k,g,w,missing,b,missing,1
8.36,10.11,17.01,missing,missing,d,missing,g,f,missing,0
7.25,5.32,11.63,missing,f,d,u,f,x,missing,0
3.06,5.01,5.43,missing,y,d,u,f,f,missing,1
8.72,8.11,15.42,missing,y,missing,a,missing,x,missing,1
5.29,6.56,12.07,w,w,d,a,missing,f,i,0
4.45,4.25,8.2,missing,g,missing,u,f,x,missing,0
16.03,6.39,45.85,missing,y,missing,w,f,x,missing,1
1.44,5.2,1.01,missing,p,h,u,f,f,missing,0
6.56,4.12,11.45,missing,g,d,u,f,s,t,1
4.39,12.43,67.74,g,missing,missing,missing,f,s,missing,1
3.63,6.9,6.99,missing,k,missing,a,missing,f,s,0
8.19,6.46,16.28,missing,n,d,u,f,f,missing,1
4.08,3.68,5.54,missing,o,g,w,f,x,missing,0
7.26,6.79,13.56,missing,w,missing,a,f,x,missing,0
10.12,8.96,22.73,missing,y,d,a,f,x,missing,1
5.89,6.2,9.84,missing,y,missing,a,f,f,missing,1
7.26,13.0,13.83,missing,y,missing,u,missing,x,y,1
4.06,6.04,6.9,missing,o,d,a,f,x,t,0
6.76,9.76,12.29,missing,y,missing,a,f,f,t,0
7.06,5.25,12.9,missing,missing,d,missing,f,missing,missing,0
10.34,8.21,23.44,missing,missing,d,a,f,f,missing,0
5.08,6.49,7.86,u,u,missing,a,e,b,y,1
6.26,5.73,10.47,missing,missing,l,a,f,x,missing,1
1.32,5.25,1.83,missing,w,g,u,f,x,t,0
4.35,6.71,6.21,missing,w,d,a,f,f,k,0
7.75,4.11,14.44,missing,w,d,missing,f,x,y,1
1.35,5.0,2.67,missing,g,g,s,f,x,missing,0
4.85,6.04,7.18,missing,w,d,a,f,f,missing,0
8.67,5.39,13.12,missing,o,d,missing,f,s,missing,1
11.75,10.02,28.7,missing,w,d,w,f,missing,missing,0
6.37,6.03,15.4,missing,y,missing,a,f,x,i,1
6.79,5.08,19.31,missing,p,g,w,f,missing,missing,0
10.05,7.57,22.37,missing,w,d,a,f,x,missing,1
6.27,5.74,8.47,k,n,g,missing,z,missing,i,1
7.39,6.85,13.95,missing,f,d,missing,f,x,missing,0
1.8,2.66,1.48,missing,g,d,s,f,b,missing,0
3.06,5.0,3.58,missing,missing,d,u,missing,missing,k,1
1.06,2.74,1.48,missing,missing,d,a,f,b,missing,0
6.22,12.1,10.91,missing,w,d,a,f,c,s,0
1.01,5.44,1.06,missing,w,d,a,missing,x,missing,0
5.66,5.67,9.22,missing,w,h,missing,f,s,s,0
5.35,5.32,8.45,missing,missing,d,s,f,f,s,0
7.21,7.75,11.54,missing,w,d,a,f,p,missing,0
1.88,3.45,1.61,missing,g,d,u,f,missing,missing,0
5.0,5.77,7.64,missing,n,d,a,z,missing,missing,1
5.01,6.46,7.69,missing,o,d,a,f,f,t,0
6.24,7.86,10.8,missing,w,g,missing,missing,x,missing,0
3.44,6.61,6.86,r,r,d,a,z,x,missing,1
8.65,4.56,17.54,missing,missing,d,a,f,f,missing,0
3.24,6.82,3.8,missing,p,d,u,f,f,missing,1
12.13,9.37,30.07,missing,o,d,u,f,x,missing,1
8.21,2.44,15.94,missing,w,d,a,f,f,missing,0
7.05,6.83,12.98,missing,y,d,missing,f,missing,missing,0
6.47,9.3,11.49,missing,w,h,a,f,f,i,1
6.13,13.48,11.15,missing,w,d,missing,e,f,s,0
6.07,7.79,9.73,missing,w,d,missing,z,x,missing,1
13.04,2.86,17.12,missing,y,d,missing,f,f,missing,0
6.7,6.81,6.01,missing,n,d,w,l,missing,t,0
6.71,8.5,14.61,missing,missing,d,missing,missing,x,missing,0
46.04,5.54,28.12,missing,y,missing,u,f,o,k,1
8.2,7.92,14.18,missing,w,d,a,missing,f,i,0
3.73,5.79,4.88,missing,n,d,w,l,x,t,0
5.45,4.18,8.65,missing,o,d,a,f,x,missing,0
5.18,8.22,8.98,missing,missing,missing,s,missing,x,missing,0
2.53,2.0,2.58,missing,n,d,a,f,x,s,1
4.9,11.28,10.58,missing,w,d,a,f,c,s,0
5.84,6.05,9.71,missing,k,d,a,missing,b,missing,0
2.83,5.17,3.17,missing,w,missing,u,f,b,missing,0
10.21,8.98,20.15,missing,p,missing,u,f,s,missing,1
4.73,6.93,7.06,k,n,d,missing,z,missing,i,1
10.24,12.2,17.59,missing,w,d,a,g,x,missing,1
5.34,5.76,8.44,missing,g,d,a,f,missing,missing,0
6.14,5.16,10.41,missing,y,missing,a,f,x,i,1
3.09,7.62,3.68,missing,p,h,missing,missing,s,i,0
0.79,4.03,1.03,missing,o,missing,u,f,x,missing,1
2.19,3.96,2.6,missing,g,missing,u,e,p,t,1
1.45,6.4,1.76,missing,w,h,a,f,x,t,0
7.61,7.58,25.35,missing,w,d,missing,f,f,missing,0
8.67,10.6,18.02,missing,o,d,u,f,x,missing,0
6.3,12.39,13.26,missing,w,missing,a,f,c,s,0
5.25,5.79,8.52,missing,y,missing,missing,f,x,g,1
5.15,5.75,8.36,missing,w,d,a,f,x,missing,0
4.2,8.16,7.74,missing,w,d,missing,missing,x,missing,0
1.44,3.46,1.59,missing,n,d,missing,f,o,missing,1
6.55,7.22,11.6,missing,w,d,a,f,f,i,0
2.61,5.56,2.8,missing,missing,d,s,missing,x,missing,0
7.71,6.84,13.94,missing,w,d,a,f,x,missing,1
1.49,3.28,1.3,missing,w,missing,u,f,missing,missing,0
2.63,6.04,2.84,missing,k,d,missing,missing,b,missing,0
2.62,4.55,2.79,missing,p,h,a,missing,f,i,0
6.02,4.8,8.11,missing,w,missing,a,f,s,s,1
5.64,4.1,9.09,missing,y,missing,a,f,x,missing,0
7.98,5.92,15.62,missing,n,d,missing,missing,f,missing,1
6.13,5.36,16.41,missing,w,missing,missing,f,missing,missing,1
6.32,7.36,8.28,missing,g,d,a,missing,x,missing,1
9.4,7.75,23.67,missing,n,missing,u,f,x,missing,0
5.73,7.64,18.36,missing,missing,l,s,f,p,missing,0
4.87,6.85,5.13,missing,y,d,missing,f,missing,s,0
10.06,8.44,25.21,missing,w,missing,a,e,x,missing,0
2.11,3.23,5.63,missing,missing,h,a,f,f,missing,1
45.84,5.75,26.36,missing,y,d,s,f,o,k,0
8.85,5.87,18.28,missing,w,d,a,f,f,missing,0
10.12,6.96,22.58,w,y,d,u,f,f,missing,0
7.42,8.12,14.09,missing,missing,missing,u,f,x,s,0
6.72,12.92,12.3,missing,w,d,a,l,b,y,1
6.72,11.79,12.25,missing,missing,d,a,f,c,s,0
1.79,5.33,1.51,missing,w,d,a,f,c,missing,0
6.48,5.93,14.99,missing,w,d,a,f,s,missing,0
9.55,7.09,15.65,missing,w,d,u,g,missing,missing,0
7.8,12.61,15.4,missing,missing,missing,a,g,x,missing,0
8.0,5.98,15.68,missing,y,d,a,f,f,missing,1
11.61,8.29,24.25,missing,p,d,missing,f,s,missing,1
1.85,5.18,1.59,missing,n,h,a,f,b,t,1
8.22,7.5,12.86,missing,y,g,a,f,x,missing,0
4.83,5.47,7.24,missing,y,d,s,f,f,k,0
8.69,10.44,18.06,missing,w,d,a,missing,x,missing,0
9.72,7.02,21.21,missing,w,l,w,f,x,missing,0
1.17,3.67,5.2,missing,missing,missing,u,missing,x,missing,1
11.9,2.29,12.38,missing,y,missing,w,f,f,missing,0
6.93,5.56,12.57,missing,missing,d,u,f,x,missing,0
9.35,7.72,20.04,missing,w,d,missing,f,x,missing,0
2.48,5.24,2.57,missing,k,missing,u,missing,f,missing,0
9.82,9.01,21.71,missing,y,missing,missing,f,f,y,1
53.57,6.33,34.2,missing,y,d,s,f,missing,k,0
3.52,5.5,4.46,missing,w,missing,u,f,x,missing,0
2.83,4.59,3.16,missing,w,g,a,f,missing,missing,0
5.68,4.18,9.21,missing,w,d,u,f,x,y,0
5.86,7.01,9.8,missing,w,d,a,f,s,missing,1
10.64,5.83,24.26,missing,p,d,u,f,s,missing,0
6.33,3.85,10.82,missing,k,g,a,e,p,missing,0
4.64,5.88,12.28,missing,y,d,u,f,x,missing,0
7.68,6.02,17.61,missing,missing,missing,w,f,x,missing,0
8.76,6.16,18.01,missing,missing,d,a,f,f,missing,0
1.91,5.1,1.67,missing,n,missing,u,f,b,t,1
4.09,4.02,7.26,missing,w,m,missing,f,f,missing,0
8.28,8.41,16.69,missing,w,d,missing,p,p,y,0
6.42,4.86,12.88,missing,p,missing,a,e,p,missing,0
1.57,2.71,1.16,missing,missing,d,missing,f,x,missing,1
13.99,8.39,25.44,missing,w,d,missing,missing,missing,missing,0
6.78,7.68,23.73,missing,w,d,w,e,x,missing,0
1.78,4.97,1.48,missing,w,l,a,f,c,missing,0
6.0,5.32,6.83,missing,w,d,a,f,f,g,1
9.39,8.45,33.19,missing,w,m,u,f,f,missing,0
7.31,6.78,13.69,missing,y,d,a,f,x,missing,0
6.09,6.04,20.34,missing,f,l,s,f,o,missing,1
3.85,4.66,6.62,missing,e,m,missing,f,x,missing,0
6.23,7.47,10.76,missing,missing,g,a,f,missing,i,0
6.06,6.1,10.26,missing,y,d,w,f,f,missing,1
7.61,4.68,12.25,missing,missing,missing,a,r,f,missing,0
3.59,5.0,5.47,missing,p,d,a,f,f,missing,0
3.28,5.06,6.02,missing,y,missing,u,f,missing,t,1
2.92,5.15,6.13,missing,y,d,w,z,b,missing,1
7.35,7.71,14.14,missing,w,d,u,f,p,missing,0
6.86,6.58,12.42,missing,r,d,u,f,x,missing,0
1.76,5.1,1.46,missing,g,d,a,f,c,missing,0
4.87,4.2,7.27,missing,w,l,missing,f,s,s,0
12.76,10.07,32.58,missing,w,d,w,f,missing,missing,1
10.45,7.67,19.51,missing,missing,missing,u,e,missing,s,0
7.18,6.04,12.29,missing,y,d,missing,f,x,missing,0
3.34,5.16,5.96,missing,y,m,a,missing,b,t,1
4.25,6.47,11.42,missing,n,d,u,f,x,missing,0
6.78,6.54,12.21,missing,n,d,a,f,x,missing,0
6.45,6.15,10.24,missing,w,l,a,f,f,s,0
8.07,2.78,15.58,missing,missing,d,missing,f,f,missing,0
4.16,5.1,6.41,missing,p,d,u,f,s,missing,0
11.16,3.54,25.76,missing,f,d,s,f,missing,g,1
14.94,24.71,16.55,missing,w,d,u,m,f,missing,1
4.63,4.68,6.75,missing,w,d,a,f,f,missing,1
3.69,5.99,7.14,missing,o,missing,a,f,x,t,1
14.15,9.27,16.44,missing,missing,g,missing,missing,x,missing,0
4.06,6.16,11.02,missing,n,d,a,f,x,missing,0
10.26,7.95,23.14,missing,w,d,a,f,x,missing,0
9.51,5.55,23.23,missing,p,d,u,f,s,missing,0
2.02,5.43,1.85,missing,missing,missing,u,f,b,s,1
9.45,8.94,18.03,missing,missing,l,a,p,x,y,0
9.57,8.07,21.69,missing,y,missing,a,f,x,missing,0
9.5,6.95,20.9,missing,y,d,u,f,x,missing,0
3.58,5.41,6.87,missing,p,d,missing,missing,f,missing,0
12.6,2.38,14.01,missing,w,d,w,f,f,missing,0
19.82,25.88,20.37,missing,w,d,u,m,p,missing,0
0.91,5.22,0.98,missing,missing,missing,missing,f,c,missing,0
13.02,2.46,15.23,missing,y,d,w,f,f,missing,0
7.11,5.47,7.47,missing,missing,missing,a,f,missing,g,1
6.97,5.54,12.07,missing,missing,d,missing,f,s,missing,1
7.11,5.61,13.07,missing,o,g,a,missing,s,missing,0
6.68,6.49,11.94,missing,w,d,u,f,x,s,0
4.92,6.1,9.83,missing,w,g,a,missing,x,missing,0
4.63,5.93,4.1,missing,missing,missing,a,f,x,missing,0
1.64,5.47,1.74,missing,w,d,u,f,c,missing,0
19.45,7.73,37.87,missing,missing,d,u,f,s,k,1
5.15,5.66,8.0,missing,g,d,u,f,f,missing,1
7.77,13.08,11.95,missing,missing,d,a,e,b,missing,1
2.95,6.04,4.74,missing,u,d,u,f,x,missing,0
6.95,5.96,13.31,missing,missing,d,u,f,x,missing,0
1.87,3.27,1.58,missing,g,d,a,f,b,missing,0
5.33,5.74,8.43,missing,missing,d,missing,f,s,s,0
9.95,7.52,18.38,missing,p,d,s,e,f,s,0
7.18,6.43,12.32,missing,w,d,u,f,x,missing,0
6.37,6.92,14.15,missing,w,missing,u,f,f,missing,0
4.77,5.54,7.1,u,missing,g,u,e,x,y,1
11.06,8.52,26.01,missing,missing,d,u,f,x,missing,0
2.6,6.09,3.5,missing,w,h,u,r,x,y,1
6.18,5.46,10.53,missing,g,d,u,f,f,s,0
9.37,7.04,19.41,missing,u,l,w,f,s,missing,0
6.8,7.5,17.72,missing,o,d,w,f,o,missing,1
7.08,7.48,7.4,missing,b,missing,missing,f,s,missing,0
8.67,7.91,19.64,missing,b,l,a,f,s,missing,0
10.97,8.48,25.7,missing,missing,missing,w,e,x,missing,0
6.05,7.91,10.66,missing,w,l,a,f,x,s,1
2.98,4.28,3.41,missing,k,missing,missing,f,b,missing,0
6.93,6.62,12.63,missing,w,d,missing,f,x,s,1
4.1,2.22,5.49,missing,o,h,u,f,s,missing,1
7.92,8.84,9.3,missing,w,missing,a,f,x,i,1
6.68,4.3,14.77,missing,w,d,u,f,f,missing,0
2.96,4.27,3.39,missing,missing,d,missing,f,b,missing,0
5.89,5.5,7.47,missing,p,missing,u,f,s,missing,0
3.99,2.52,5.29,missing,y,missing,a,f,f,missing,1
8.01,9.47,15.9,missing,u,missing,a,f,x,missing,1
2.59,4.26,3.33,missing,n,m,u,f,b,missing,1
5.01,5.73,8.27,missing,w,h,a,f,s,s,0
2.86,6.21,3.04,missing,n,d,a,f,b,missing,0
5.84,6.96,5.99,missing,n,d,w,l,x,t,0
9.67,6.85,14.22,missing,y,d,u,missing,x,y,1
4.16,5.06,5.75,k,k,missing,a,missing,b,missing,1
3.48,5.51,3.51,missing,w,d,u,r,x,y,1
6.37,11.82,11.29,missing,w,d,u,f,x,s,0
11.38,7.35,17.49,missing,b,d,a,f,f,missing,0
6.64,8.35,11.92,missing,w,d,u,missing,f,i,0
18.87,15.45,33.22,missing,n,d,u,f,p,y,0
8.19,5.3,16.2,missing,w,d,u,f,x,missing,0
18.44,12.22,72.37,missing,y,d,a,f,x,missing,0
7.82,5.64,19.13,missing,w,missing,u,f,x,missing,0
7.19,6.44,13.33,missing,o,d,a,missing,f,missing,0
4.12,2.47,5.55,missing,f,d,missing,f,s,missing,1
11.86,8.37,25.78,missing,n,d,missing,f,x,missing,0
3.45,4.92,5.22,missing,p,missing,u,f,f,missing,0
1.53,5.07,1.45,missing,w,l,u,f,missing,missing,1
6.23,5.41,7.17,missing,missing,d,missing,missing,x,i,1
9.6,7.89,20.87,missing,n,d,a,f,f,missing,0
7.51,7.51,14.33,missing,y,d,a,missing,missing,missing,0
3.07,10.25,2.71,missing,n,g,a,f,b,missing,1
4.16,5.85,5.77,missing,p,missing,a,missing,s,missing,1
8.81,7.15,15.87,missing,g,d,a,f,x,y,0
10.51,7.38,17.54,missing,missing,d,a,f,s,missing,0
9.95,7.84,22.07,missing,p,d,a,f,missing,missing,0
6.82,6.14,15.25,missing,w,d,missing,f,f,missing,0
4.73,5.66,7.94,missing,n,d,u,f,c,missing,1
5.84,6.05,9.71,missing,u,d,w,f,x,missing,1
15.8,10.37,18.41,missing,w,d,a,missing,x,missing,0
3.99,6.59,3.43,missing,g,d,missing,f,f,s,0
5.14,5.65,7.97,missing,g,d,missing,f,x,y,1
6.02,8.25,6.98,missing,y,d,missing,f,f,s,0
3.35,5.19,5.17,missing,missing,d,u,r,x,missing,1
6.17,5.15,10.49,missing,g,d,missing,f,missing,s,0
12.34,9.2,25.14,missing,n,missing,a,f,x,missing,0
3.09,5.92,3.65,missing,u,missing,a,f,f,missing,1
7.09,10.06,13.22,missing,y,d,a,f,f,t,0
7.65,7.62,14.73,missing,y,missing,a,missing,x,missing,0
19.81,6.81,63.87,g,missing,d,missing,f,s,missing,0
5.84,6.05,9.71,missing,w,missing,w,g,f,y,1
4.53,6.41,6.71,missing,r,d,a,f,c,missing,1
3.85,5.69,8.38,missing,w,d,missing,f,f,missing,1
8.6,9.24,12.99,missing,n,d,a,f,f,i,0
6.72,7.85,13.58,missing,y,d,u,f,x,missing,0
17.91,16.64,45.98,missing,w,d,u,f,p,y,0
10.66,9.43,20.75,n,y,d,a,r,x,missing,1
10.7,14.27,25.1,missing,missing,u,w,e,f,s,0
8.61,8.41,20.04,missing,b,d,w,f,f,missing,0
7.39,5.7,13.87,missing,n,missing,a,f,missing,missing,1
5.84,5.56,7.83,missing,w,missing,a,f,s,s,0
15.9,16.26,34.0,missing,w,missing,a,f,p,y,0
11.44,7.56,20.9,missing,w,d,u,f,x,missing,0
9.86,4.89,21.48,missing,b,d,a,f,f,missing,0
7.45,6.92,14.33,missing,w,d,a,f,s,missing,0
6.12,4.37,6.33,missing,n,missing,u,f,f,missing,1
1.11,3.95,2.7,missing,k,g,u,f,b,missing,1
3.85,3.63,5.06,missing,n,d,u,f,missing,k,0
13.96,5.67,24.99,missing,missing,l,a,f,s,missing,1
8.84,5.85,10.18,p,p,d,s,missing,x,i,0
7.5,7.45,14.28,missing,w,g,u,f,p,missing,0
9.02,7.91,16.25,missing,y,missing,u,missing,x,missing,0
7.6,8.01,13.05,missing,y,d,a,f,x,s,0
4.59,0.0,0.0,n,w,d,u,f,missing,f,1
3.93,5.87,5.67,missing,w,d,w,missing,f,k,0
4.06,5.49,7.21,missing,e,missing,missing,f,x,missing,0
6.44,5.96,11.26,missing,w,missing,a,g,x,missing,0
1.73,3.71,2.06,missing,w,g,missing,f,missing,t,0
3.25,3.98,2.73,p,missing,g,missing,f,f,missing,1
4.82,4.33,7.17,missing,g,d,u,f,f,missing,0
6.04,4.27,7.47,missing,w,d,a,f,s,s,0
10.97,7.64,19.32,missing,w,missing,u,p,x,missing,1
8.95,7.91,16.74,missing,y,g,a,missing,x,s,0
4.07,7.05,8.02,missing,w,missing,a,f,x,missing,1
8.64,15.44,18.14,missing,p,d,a,f,p,missing,1
4.72,0.0,0.0,n,w,d,a,f,o,f,0
8.13,6.47,17.26,missing,y,d,a,f,f,missing,0
2.11,5.42,1.98,missing,w,missing,u,f,x,t,0
18.18,20.7,84.05,missing,missing,d,u,f,p,missing,0
7.71,5.05,17.47,missing,w,d,u,f,missing,missing,0
6.85,7.52,15.88,missing,y,d,missing,f,x,missing,0
6.26,6.09,14.68,missing,y,d,a,f,x,missing,0
5.64,7.91,9.27,missing,n,d,u,missing,x,missing,0
9.76,8.35,18.68,missing,n,missing,missing,p,x,missing,0
1.68,3.29,1.32,missing,g,d,a,f,missing,missing,0
3.9,5.37,5.22,missing,n,d,a,l,x,t,0
4.21,4.47,10.63,missing,n,d,missing,f,x,missing,0
13.46,2.6,17.56,missing,w,d,a,f,f,missing,0
5.4,5.79,8.56,missing,w,missing,a,f,x,missing,0
5.52,6.3,12.49,missing,y,d,a,f,x,missing,0
7.16,7.56,18.19,missing,missing,d,w,f,f,missing,0
10.44,7.79,19.59,missing,missing,missing,a,f,s,missing,1
7.82,6.9,13.82,w,w,d,a,missing,p,missing,1
1.49,5.29,2.35,missing,g,l,u,f,c,missing,0
5.63,3.96,8.03,missing,w,d,a,f,x,missing,1
2.51,5.24,5.56,k,k,d,a,missing,f,s,0
7.71,6.07,14.83,missing,n,missing,a,f,x,missing,0
7.31,7.76,13.76,missing,missing,d,u,f,x,missing,0
10.58,9.68,24.39,missing,missing,missing,u,f,x,missing,0
10.33,8.35,24.5,missing,w,d,a,f,s,missing,0
1.59,5.7,2.64,missing,missing,d,s,f,x,missing,0
14.24,6.61,26.29,missing,w,d,u,f,s,missing,0
6.91,3.37,8.18,missing,w,d,missing,f,missing,missing,0
4.24,5.2,5.93,missing,r,l,u,f,x,missing,0
4.35,4.81,6.14,missing,e,d,a,f,x,missing,1
8.82,6.29,16.06,missing,w,d,u,f,x,missing,0
6.42,5.34,6.91,missing,w,g,u,f,s,missing,0
4.91,6.65,7.46,missing,f,d,a,f,s,missing,1
7.12,8.61,13.26,w,w,d,missing,missing,x,i,0
2.1,4.08,1.95,missing,missing,m,s,e,p,t,1
4.56,7.08,4.35,missing,u,d,u,missing,x,missing,0
7.5,7.32,17.7,missing,y,d,a,f,x,missing,1
2.97,3.17,3.36,missing,w,p,a,f,c,i,1
4.56,4.83,5.06,missing,u,l,a,f,missing,s,1
10.02,7.44,22.26,missing,n,d,w,f,f,missing,0
53.09,4.76,20.55,missing,y,missing,u,f,missing,k,0
3.63,4.72,4.65,missing,g,missing,missing,f,b,s,1
5.04,5.71,7.73,missing,g,d,a,f,x,y,1
6.31,7.46,11.95,missing,p,d,u,f,x,y,0
1.65,3.65,1.28,missing,n,g,missing,f,b,t,1
6.64,5.93,15.05,missing,p,d,u,f,x,i,1
3.39,5.02,5.53,k,n,missing,a,missing,b,missing,1
4.28,5.91,6.48,missing,y,g,a,f,x,g,1
11.09,8.07,22.22,missing,b,d,w,f,s,missing,0
8.71,8.09,7.58,missing,k,d,a,z,x,i,1
3.06,5.1,3.15,missing,w,missing,u,f,b,missing,1
6.46,6.05,8.56,missing,w,h,u,f,s,s,0
7.0,5.06,12.73,missing,o,d,u,f,s,missing,1
16.9,17.1,35.42,missing,n,d,u,f,p,y,0
2.59,3.95,2.74,p,missing,g,missing,missing,x,missing,1
4.52,4.62,6.07,missing,y,d,missing,missing,b,i,1
8.3,9.21,8.53,missing,k,d,u,z,x,i,1
4.19,4.24,7.29,missing,g,d,a,f,f,missing,0
14.36,5.16,38.4,missing,missing,d,w,f,missing,missing,1
2.01,4.11,2.38,missing,w,g,a,f,x,missing,1
5.19,6.71,12.81,missing,missing,d,u,f,x,missing,0
55.16,7.98,43.28,missing,y,missing,s,f,o,k,0
5.82,6.18,10.65,missing,p,d,missing,f,x,y,0
5.85,6.37,9.91,missing,n,d,a,l,x,t,0
4.4,6.46,6.5,missing,k,d,u,f,f,s,0
5.56,3.45,8.87,missing,w,d,missing,f,x,missing,0
1.97,4.0,2.55,p,p,g,a,f,f,missing,1
7.13,3.56,13.53,missing,w,d,u,f,f,missing,0
3.54,8.01,5.9,missing,n,g,a,missing,missing,missing,1
6.68,5.68,10.68,missing,w,d,a,f,f,s,0
1.65,3.36,1.43,missing,n,missing,s,f,b,t,1
7.98,6.39,12.02,missing,y,missing,missing,f,x,s,0
4.6,7.04,41.47,g,f,d,w,missing,o,missing,0
6.27,5.67,10.8,missing,missing,d,missing,g,x,missing,0
25.56,21.76,101.69,missing,w,d,a,f,p,missing,0
3.99,4.03,6.74,missing,g,missing,missing,f,f,missing,1
1.18,5.81,1.11,missing,p,d,u,f,f,missing,0
4.38,10.8,7.09,k,missing,g,u,missing,b,missing,1
8.52,5.42,17.21,missing,w,d,u,f,f,missing,1
0.97,3.39,1.76,missing,g,d,missing,f,b,missing,0
12.58,21.57,15.32,missing,missing,d,a,m,p,missing,0
4.83,5.67,7.26,missing,y,g,a,f,x,g,1
6.07,8.42,73.8,missing,f,d,missing,f,s,missing,0
5.17,6.25,5.71,missing,y,d,w,f,x,s,0
6.06,6.37,10.28,missing,w,d,s,missing,f,k,0
6.76,12.86,13.19,missing,w,missing,a,f,missing,s,0
8.56,6.1,17.67,missing,g,d,a,f,x,missing,0
6.12,8.18,10.51,missing,w,d,u,f,x,i,0
3.69,5.54,8.59,missing,p,d,u,missing,x,missing,1
9.15,6.94,19.34,missing,b,missing,missing,f,f,missing,0
14.34,5.39,24.19,missing,y,d,u,f,f,k,1
16.04,10.44,46.51,missing,missing,d,u,f,o,k,0
10.25,6.72,22.99,missing,k,missing,u,f,x,missing,0
6.79,6.32,8.76,missing,w,l,w,f,x,s,0
2.12,7.21,3.75,missing,p,l,u,f,f,i,0
3.54,7.42,4.55,missing,missing,d,u,f,missing,s,0
4.18,5.73,9.22,missing,missing,missing,a,z,x,missing,1
9.39,8.0,20.02,missing,y,d,a,f,f,y,1
6.6,5.06,12.43,missing,n,w,missing,r,f,missing,0
4.53,5.08,6.55,missing,w,missing,u,f,x,missing,1
3.65,5.03,6.46,missing,w,missing,a,f,x,missing,1
9.44,7.82,20.34,missing,missing,missing,s,f,p,missing,0
6.53,5.95,10.9,missing,g,missing,a,f,f,s,1
4.55,5.75,5.3,missing,n,d,w,missing,x,s,0
4.03,4.71,4.65,missing,y,d,u,f,f,missing,1
3.07,9.53,2.38,k,k,missing,a,f,b,missing,1
8.02,8.83,15.91,missing,w,missing,a,missing,x,missing,0
7.24,4.39,20.15,missing,w,d,a,f,o,missing,0
10.08,8.1,22.52,missing,missing,d,missing,f,x,y,0
9.75,5.88,9.39,p,p,d,u,f,x,i,0
0.57,3.12,0.98,missing,p,h,u,missing,c,missing,0
9.79,28.82,22.38,missing,w,m,a,m,f,missing,0
15.08,6.19,41.67,missing,y,d,s,f,o,k,1
5.9,6.33,9.24,missing,missing,l,w,missing,x,missing,1
9.46,7.67,19.31,missing,b,d,a,f,f,missing,1
7.68,6.99,14.79,missing,missing,missing,a,l,x,missing,1
5.25,5.18,8.21,missing,y,d,s,f,f,s,0
7.65,7.12,14.7,missing,y,d,u,f,missing,missing,0
3.81,4.84,5.02,missing,w,d,missing,missing,x,missing,0
3.5,4.17,4.38,missing,y,d,w,f,x,k,0
9.72,7.46,17.97,missing,p,missing,a,l,missing,y,0
4.75,11.52,55.33,g,f,l,a,f,o,missing,0
7.75,1.52,14.17,missing,missing,d,a,f,o,missing,1
21.08,30.52,24.32,missing,missing,missing,u,m,missing,missing,0
3.37,5.72,4.18,missing,n,d,missing,l,x,t,0
4.25,3.99,7.76,missing,w,d,a,f,s,missing,1
4.22,6.86,7.28,missing,p,d,a,f,b,missing,1
2.44,3.89,2.49,missing,g,m,a,e,p,t,1
5.89,6.16,12.01,missing,y,d,missing,f,x,missing,0
12.12,6.88,22.17,missing,missing,missing,missing,f,x,missing,0
6.27,7.68,11.41,missing,w,d,a,f,s,missing,1
16.45,26.18,20.97,missing,w,m,u,m,f,missing,0
3.14,6.57,3.22,missing,k,missing,missing,f,b,missing,0
4.43,4.0,6.28,missing,missing,missing,a,f,x,missing,0
1.48,5.32,2.46,missing,k,d,w,f,f,missing,0
6.31,5.13,6.16,missing,missing,d,w,r,x,s,0
4.92,4.72,7.42,missing,y,d,missing,f,f,missing,1
2.96,7.2,3.45,missing,missing,d,a,f,b,missing,0
4.0,4.73,10.47,missing,missing,missing,a,f,x,missing,0
3.6,4.7,4.59,missing,p,m,u,f,b,i,1
16.85,8.79,26.07,missing,w,missing,missing,f,s,missing,0
5.28,4.35,10.4,missing,o,d,a,f,x,missing,0
4.84,9.21,5.52,missing,missing,missing,a,f,x,g,1
6.43,6.47,5.34,missing,n,missing,w,l,x,t,0
8.36,8.89,16.96,missing,p,l,a,p,x,y,0
4.7,4.69,5.39,missing,w,d,w,r,x,y,0
1.99,5.22,5.93,missing,y,m,a,missing,f,missing,1
4.9,7.05,5.3,missing,n,d,missing,f,f,missing,1
1.25,3.25,5.24,missing,f,d,u,f,missing,missing,1
4.52,5.74,14.68,missing,f,d,a,f,x,missing,0
8.41,8.0,15.74,missing,missing,d,u,p,p,y,1
0.56,3.07,0.91,missing,o,g,missing,f,f,missing,1
14.79,12.99,83.88,missing,w,missing,a,f,p,missing,0
8.12,6.24,23.52,missing,w,d,w,e,f,missing,0
3.13,6.97,3.16,missing,n,d,a,f,b,missing,0
8.66,7.46,17.79,missing,k,missing,a,f,b,missing,1
5.95,7.54,10.9,missing,n,d,missing,z,x,missing,1
4.19,4.17,5.79,missing,o,m,a,f,x,missing,0
6.98,6.2,10.54,missing,p,d,u,f,x,missing,1
8.11,11.43,16.32,missing,w,d,u,e,f,missing,0
4.34,5.61,6.92,missing,y,missing,missing,f,x,g,1
7.56,4.63,14.26,missing,f,d,u,f,x,missing,0
8.47,7.37,17.19,missing,w,d,w,missing,x,y,0
17.95,18.6,69.22,missing,w,d,missing,f,x,missing,0
4.22,4.98,4.91,missing,y,d,missing,f,x,s,0
4.97,4.78,7.52,missing,y,missing,u,f,b,t,1
6.81,6.56,12.28,missing,n,d,u,f,f,missing,0
0.59,3.53,0.93,missing,p,d,u,f,x,h,1
3.84,4.64,10.33,missing,missing,d,missing,f,x,missing,0
7.28,6.84,13.86,missing,w,g,u,l,x,missing,1
6.35,5.52,11.56,missing,y,g,s,f,c,missing,1
4.02,3.5,5.39,missing,p,g,a,f,f,missing,0
11.03,6.67,26.48,missing,p,d,missing,f,s,missing,0
6.85,12.39,12.64,missing,w,d,a,f,x,missing,0
9.58,5.5,20.62,missing,y,d,a,f,s,missing,0
4.52,2.77,6.43,missing,w,g,a,missing,f,missing,1
22.38,12.53,78.67,missing,w,d,missing,f,x,missing,0
3.35,4.24,4.79,missing,p,d,u,f,s,missing,0
8.67,7.53,17.83,missing,n,d,a,p,x,missing,0
2.63,4.03,2.8,missing,k,missing,a,f,b,missing,1
8.39,10.12,17.11,missing,w,g,u,missing,x,missing,0
4.69,5.32,6.93,missing,n,missing,missing,missing,f,i,1
17.1,8.73,26.37,missing,w,d,missing,f,x,missing,0
10.04,6.24,19.04,missing,b,l,a,f,s,missing,0
5.22,5.72,11.14,missing,w,missing,a,f,missing,s,0
1.6,4.84,1.59,missing,n,d,s,f,x,missing,1
3.54,5.25,6.49,missing,missing,g,a,f,missing,missing,0
12.16,7.78,30.05,missing,w,m,missing,f,f,missing,0
9.27,6.52,15.77,missing,missing,missing,u,p,x,missing,0
9.28,26.74,20.58,missing,w,m,u,m,p,missing,0
3.11,3.86,3.65,missing,n,p,missing,f,c,i,1
3.85,4.94,6.04,missing,p,d,u,f,f,missing,0
10.73,11.02,25.03,missing,g,missing,u,f,x,y,0
8.86,3.81,23.99,missing,f,d,s,f,o,g,1
7.93,6.49,12.08,missing,o,d,a,f,s,missing,1
7.37,6.63,10.41,missing,p,d,missing,f,x,missing,0
3.61,4.49,6.67,missing,o,missing,u,f,x,missing,0
4.38,5.2,6.22,missing,y,d,u,missing,x,i,1
4.62,5.09,3.75,missing,g,d,u,f,f,s,0
7.8,6.85,15.12,missing,missing,g,a,f,x,missing,0
10.75,6.06,24.66,missing,missing,d,w,e,x,missing,0
3.6,5.21,5.5,missing,missing,l,a,f,b,s,1
6.15,5.68,10.48,missing,missing,d,missing,f,f,s,0
0.96,3.12,1.69,missing,g,d,w,f,p,missing,1
1.44,5.01,1.64,missing,w,l,a,f,c,missing,0
4.78,5.55,6.44,missing,missing,missing,u,f,x,missing,0
2.8,4.54,2.92,missing,g,d,s,f,b,missing,0
7.57,8.34,14.38,missing,w,d,missing,missing,x,missing,0
4.5,6.13,6.55,k,n,d,a,f,f,missing,0
4.39,8.28,10.1,missing,n,missing,s,missing,x,missing,0
6.71,7.16,12.05,missing,y,h,missing,f,x,s,0
3.98,2.79,5.29,missing,missing,m,a,f,f,missing,0
7.24,6.58,29.79,missing,w,d,s,f,x,missing,0
5.86,5.47,6.45,missing,n,d,w,r,x,s,0
5.62,10.54,11.49,missing,missing,missing,a,g,f,missing,1
12.03,6.49,25.23,missing,missing,missing,a,e,x,missing,0
5.84,8.47,9.81,p,missing,d,u,f,x,i,0
8.42,5.1,16.88,missing,o,d,u,f,s,missing,0
0.64,0.0,0.0,missing,f,d,w,f,o,f,1
22.72,19.15,89.09,missing,y,d,u,missing,p,missing,0
3.74,5.46,4.48,missing,y,d,w,f,f,k,0
15.36,10.19,17.73,missing,w,g,u,missing,x,missing,0
5.05,5.88,6.68,missing,w,d,a,f,s,missing,0
9.4,8.5,25.5,missing,w,missing,missing,e,f,missing,0
19.46,15.3,34.13,missing,w,d,missing,f,x,y,0
5.69,4.7,4.77,missing,missing,d,w,r,missing,s,0
6.92,7.95,11.17,missing,w,missing,missing,f,f,s,0
9.98,8.65,10.95,p,p,missing,missing,f,x,i,0
8.96,4.89,15.19,missing,w,d,a,f,s,t,1
5.49,5.52,8.79,missing,f,d,missing,missing,o,missing,0
10.02,3.81,21.86,missing,w,missing,u,missing,s,missing,0
5.36,3.31,8.36,missing,w,g,missing,missing,x,missing,1
13.39,4.94,25.0,missing,n,d,missing,f,f,missing,1
11.03,12.35,26.2,missing,y,d,w,r,x,missing,1
1.21,2.87,0.69,missing,y,d,u,f,x,missing,1
11.81,8.83,28.09,missing,o,missing,u,f,x,missing,1
3.12,5.08,6.75,missing,missing,m,a,f,x,missing,0
5.72,5.82,10.65,missing,w,l,w,f,x,missing,1
8.69,7.47,17.89,missing,missing,d,a,p,x,missing,1
13.48,7.92,24.61,missing,w,l,w,f,s,missing,0
11.04,8.48,21.44,w,w,d,w,missing,f,i,0
12.75,8.6,24.47,missing,missing,d,missing,f,f,missing,0
5.87,5.81,14.18,missing,w,d,u,f,x,s,0
5.88,4.8,9.73,missing,w,missing,u,f,x,y,0
9.93,10.2,42.08,missing,missing,d,missing,f,p,missing,0
3.4,7.83,5.7,k,r,d,w,z,b,missing,1
8.46,8.69,21.88,missing,w,d,missing,f,x,s,0
7.91,6.04,15.4,missing,w,d,a,f,f,missing,0
5.89,5.49,3.73,missing,missing,missing,w,l,x,t,0
7.51,5.8,14.22,missing,w,d,a,f,x,y,1
1.65,5.22,1.71,missing,missing,l,a,f,missing,missing,0
8.4,6.36,16.91,missing,y,d,a,f,s,missing,1
2.36,3.16,4.62,missing,y,d,u,f,f,missing,1
12.73,8.48,25.97,n,y,d,w,missing,x,missing,1
11.18,5.37,13.53,missing,n,h,u,f,x,missing,1
4.81,5.46,7.19,missing,g,g,a,f,x,missing,1
4.57,4.93,10.14,missing,missing,d,a,f,x,missing,0
4.04,4.24,6.45,missing,missing,m,a,f,x,missing,0
6.54,6.28,11.55,missing,n,missing,u,f,x,missing,0
9.73,7.6,26.85,missing,o,d,u,missing,x,missing,1
2.57,5.68,6.12,k,n,d,u,f,missing,s,0
7.06,6.04,12.96,missing,n,d,u,f,x,missing,0
1.33,2.97,0.84,missing,missing,missing,a,f,x,missing,1
7.44,7.48,14.13,missing,y,d,missing,missing,x,missing,0
2.44,3.05,2.46,missing,w,missing,a,f,x,h,1
1.73,7.46,2.37,missing,w,g,u,f,x,t,0
2.44,5.17,2.51,missing,k,d,missing,f,f,missing,0
1.73,3.32,3.41,missing,w,d,u,f,c,i,1
7.08,5.96,10.37,missing,w,d,u,f,f,s,0
1.68,5.01,2.74,missing,g,g,u,f,f,missing,0
2.84,6.42,3.21,missing,n,d,a,missing,b,missing,0
4.66,3.71,13.64,missing,w,d,a,f,x,missing,1
10.36,7.57,18.77,missing,missing,missing,a,p,x,y,0
19.37,19.32,19.79,missing,missing,missing,a,m,p,missing,0
7.2,8.15,13.47,missing,missing,g,u,l,x,missing,1
8.67,7.0,17.8,missing,w,missing,u,f,x,s,0
11.02,6.67,25.7,missing,y,d,u,f,s,missing,1
8.09,4.59,24.78,missing,missing,missing,a,f,s,missing,0
3.33,3.79,7.63,missing,w,missing,a,f,f,missing,1
2.24,4.72,2.98,missing,p,h,u,f,s,missing,0
10.23,13.39,23.37,missing,w,d,missing,f,x,g,1
9.82,7.42,20.11,missing,y,d,a,f,f,y,1
8.21,8.51,16.46,missing,y,missing,a,f,x,missing,0
2.71,4.23,2.95,missing,w,g,a,f,b,missing,0
6.18,5.8,11.78,missing,missing,missing,u,f,x,missing,0
3.39,7.31,5.98,missing,missing,d,u,f,x,missing,1
0.75,3.36,0.77,missing,y,d,u,f,x,missing,1
11.32,10.95,27.15,missing,g,d,missing,f,x,y,0
6.8,5.06,11.89,missing,o,d,a,f,s,missing,1
2.34,3.72,2.31,p,missing,g,missing,f,f,missing,1
5.87,6.06,9.77,p,p,d,s,f,x,i,0
4.0,2.77,6.05,missing,y,d,u,f,s,missing,0
5.75,9.35,9.59,missing,w,h,a,f,x,i,1
10.58,8.73,27.71,missing,f,d,u,f,o,g,1
17.64,9.52,36.5,missing,n,d,missing,f,p,missing,0
12.22,7.42,18.03,missing,p,d,u,f,x,i,1
0.94,3.8,2.59,missing,k,m,missing,f,b,missing,1
9.57,5.8,20.6,missing,f,l,missing,f,c,missing,0
0.64,3.17,1.05,missing,o,g,a,f,f,missing,1
14.19,9.9,30.83,missing,missing,d,a,f,x,missing,1
3.08,4.82,3.62,missing,w,d,u,r,missing,y,1
4.26,5.2,5.96,missing,y,d,a,missing,b,i,1
1.5,3.69,2.0,missing,w,missing,a,f,x,t,1
5.73,5.98,9.42,missing,missing,d,a,f,x,missing,0
6.57,12.87,11.86,missing,missing,d,a,e,b,missing,1
1.52,5.82,2.12,missing,missing,h,u,f,x,t,0
5.77,5.35,9.48,missing,g,d,u,missing,missing,missing,0
10.15,8.15,22.78,missing,y,d,u,f,x,missing,0
8.34,4.61,13.06,missing,missing,d,a,f,s,t,1
7.49,3.58,8.99,missing,p,d,a,f,s,missing,0
6.69,6.45,10.47,missing,p,d,u,f,x,y,1
2.12,4.36,3.5,missing,y,g,u,f,f,missing,1
5.49,6.54,11.97,missing,b,missing,missing,f,x,missing,0
7.36,6.16,12.45,missing,y,d,missing,missing,x,i,1
2.89,4.22,3.26,missing,g,d,w,f,b,s,0
6.42,6.36,11.22,missing,p,missing,u,f,x,y,0
57.4,9.29,57.22,missing,y,missing,u,f,o,missing,0
4.84,5.48,7.27,missing,missing,g,missing,f,x,missing,0
9.21,8.59,19.63,missing,missing,d,a,f,x,missing,1
5.84,6.05,9.71,missing,k,missing,missing,f,x,s,1
7.67,4.55,12.78,missing,w,d,missing,f,missing,s,0
5.44,3.18,8.54,missing,o,missing,a,f,x,missing,0
1.72,5.54,2.66,missing,k,g,missing,f,x,s,1
10.59,5.77,24.07,missing,w,d,u,f,f,missing,1
6.12,6.2,10.42,missing,w,d,missing,f,missing,y,0
20.71,17.46,85.02,missing,w,d,a,f,p,missing,0
5.31,5.27,8.36,missing,w,g,missing,f,f,i,1
2.66,4.05,2.85,missing,n,m,u,f,b,missing,1
8.54,5.41,16.58,missing,f,d,a,f,f,missing,0
3.52,4.75,6.36,missing,missing,m,w,f,x,missing,0
5.14,5.65,7.97,missing,w,d,a,f,x,missing,0
6.42,7.48,11.27,missing,w,l,missing,f,f,s,0
2.6,6.8,2.81,missing,k,d,missing,missing,b,missing,0
7.56,5.4,16.37,missing,o,d,a,f,s,missing,0
4.6,5.06,6.7,missing,missing,g,a,f,x,missing,0
6.81,5.85,12.26,missing,r,d,a,f,x,missing,0
2.98,3.76,3.4,missing,n,m,a,e,b,k,1
6.54,6.71,13.02,missing,y,h,u,f,x,s,1
6.22,8.28,23.03,missing,g,d,a,f,x,y,0
5.61,4.92,9.08,missing,missing,d,a,f,x,y,0
5.36,7.84,6.03,missing,w,d,s,f,f,s,0
4.0,4.81,9.85,missing,missing,d,a,f,missing,missing,1
19.06,18.63,76.66,missing,y,d,a,f,p,missing,0
5.24,15.01,8.47,missing,w,d,a,f,f,g,1
10.6,14.08,24.73,missing,missing,missing,u,f,f,g,1
5.79,8.29,16.42,missing,missing,d,u,f,x,missing,0
8.35,7.15,15.79,missing,missing,d,a,f,x,missing,0
7.35,7.26,13.85,missing,w,g,a,f,x,missing,0
9.1,8.87,18.62,missing,y,d,a,p,x,missing,0
9.8,4.21,21.2,missing,w,d,u,f,s,missing,0
3.44,5.31,4.31,missing,w,d,missing,f,b,missing,1
2.89,4.67,6.69,missing,e,g,a,f,x,missing,0
10.15,7.49,18.24,missing,p,l,missing,l,p,y,0
6.52,8.7,11.6,missing,y,d,missing,f,f,t,0
7.29,6.62,13.64,missing,missing,missing,u,f,x,missing,0
3.6,5.61,7.59,missing,o,d,a,f,f,t,1
5.14,3.86,20.25,missing,f,d,missing,f,missing,missing,0
7.19,6.75,13.37,missing,n,g,a,e,p,missing,0
19.31,7.67,20.51,missing,w,m,a,m,p,missing,0
8.51,4.62,13.35,missing,g,d,u,missing,s,t,1
4.58,5.78,6.7,k,n,d,a,f,f,s,1
6.41,5.34,12.74,missing,n,g,a,e,f,missing,0
14.44,8.22,24.17,missing,w,d,w,f,s,missing,0
10.11,9.82,22.77,missing,g,missing,a,f,x,y,0
10.82,6.75,16.73,missing,p,d,u,f,x,i,1
11.21,8.58,26.56,missing,w,missing,missing,e,x,missing,0
9.59,4.73,20.49,missing,b,d,a,f,missing,missing,1
5.25,4.8,8.19,missing,w,d,missing,f,f,missing,0
12.02,12.59,17.07,missing,w,d,a,g,x,missing,0
7.85,7.08,15.29,missing,w,d,w,missing,x,i,1
8.25,9.25,16.62,missing,w,g,missing,missing,x,missing,0
1.56,3.68,1.15,missing,missing,h,u,f,b,t,0
6.73,6.33,13.14,missing,w,missing,u,g,x,missing,0
17.19,6.77,21.58,missing,y,missing,w,f,x,missing,0
7.06,4.89,19.19,missing,g,d,a,f,x,missing,0
4.33,3.64,6.05,missing,missing,g,missing,f,f,missing,0
7.51,7.19,14.3,missing,y,d,missing,f,x,missing,0
21.07,9.16,70.94,g,missing,d,u,f,o,missing,0
7.35,4.74,14.75,missing,w,d,u,f,x,missing,1
5.09,15.87,8.12,missing,w,d,a,f,f,g,0
6.71,5.78,12.1,missing,w,d,u,g,x,missing,0
6.39,3.56,9.98,missing,p,g,a,f,s,missing,0
11.11,8.98,26.24,missing,w,d,a,f,x,missing,1
24.23,13.09,89.19,missing,y,d,u,f,missing,missing,0
8.3,7.29,16.67,missing,w,d,missing,f,x,missing,0
10.46,8.27,23.86,missing,missing,d,u,f,x,y,1
8.31,8.26,14.0,missing,w,d,a,l,x,missing,1
0.74,2.98,0.8,missing,y,missing,a,f,x,missing,1
11.25,7.6,15.81,missing,w,d,a,missing,x,i,0
7.52,6.53,14.3,missing,y,d,a,missing,x,missing,0
5.84,6.05,9.71,missing,y,d,a,f,f,i,0
7.38,8.74,11.52,missing,n,d,a,f,f,missing,0
10.29,8.19,23.25,missing,w,d,u,f,s,missing,0
7.48,1.19,13.62,missing,missing,missing,w,f,o,missing,1
2.58,3.99,2.71,missing,w,d,missing,f,x,missing,1
6.64,12.49,12.06,missing,w,missing,a,missing,missing,s,0
6.44,8.04,11.34,missing,w,l,a,f,f,s,0
1.82,5.39,1.54,missing,w,d,a,f,missing,missing,0
8.85,7.55,18.41,missing,g,m,missing,r,p,missing,0
5.01,7.8,7.73,missing,n,d,a,missing,x,missing,0
8.75,8.58,18.17,missing,y,d,u,f,missing,missing,0
7.48,5.39,14.09,missing,w,missing,missing,f,s,missing,0
8.87,7.78,20.0,n,o,d,a,r,x,missing,1
5.37,5.32,8.5,missing,w,d,a,f,f,missing,0
12.59,7.5,18.6,missing,w,d,u,g,x,missing,0
3.59,6.05,5.88,missing,w,d,a,f,f,missing,0
3.83,10.16,6.19,k,n,g,u,missing,b,missing,1
4.42,6.17,10.03,missing,w,d,a,missing,x,missing,0
7.58,7.02,14.51,missing,y,d,u,missing,x,missing,0
11.98,10.41,30.6,p,p,missing,u,f,p,missing,1
2.17,6.31,4.19,missing,w,d,w,f,x,missing,0
8.53,7.07,12.88,missing,missing,d,a,f,p,missing,0
10.76,6.59,12.93,missing,p,d,u,missing,s,missing,1
7.75,11.62,25.04,missing,missing,missing,a,f,x,y,0
5.33,5.23,8.41,missing,missing,d,missing,f,s,missing,1
6.67,11.59,12.12,missing,missing,d,u,f,c,s,0
0.82,3.44,1.49,missing,g,d,a,f,b,missing,1
4.06,5.75,8.22,missing,w,missing,u,f,s,missing,1
1.71,2.42,1.34,missing,g,missing,s,f,missing,missing,0
9.24,11.33,15.8,missing,w,d,missing,g,f,missing,1
2.12,6.53,3.61,missing,n,m,s,f,b,missing,1
7.34,7.37,13.83,missing,w,d,missing,missing,x,missing,0
8.67,8.87,17.91,missing,y,d,missing,f,x,missing,0
18.01,15.49,36.38,missing,missing,d,a,f,p,y,1
3.82,4.61,5.04,missing,n,d,a,r,x,s,0
5.67,5.79,9.26,missing,y,d,a,f,x,missing,1
10.9,7.62,19.2,missing,b,d,missing,f,f,missing,0
4.47,6.63,4.3,missing,n,d,a,f,x,missing,1
8.09,6.28,15.96,missing,w,missing,missing,f,x,missing,0
7.76,5.23,17.5,missing,w,d,missing,f,f,missing,1
5.7,4.65,9.28,missing,n,d,missing,missing,x,missing,0
8.44,7.03,17.09,missing,n,h,a,f,missing,missing,0
3.87,4.55,5.7,missing,w,d,a,f,f,k,0
3.52,4.41,6.0,missing,o,missing,a,f,x,missing,0
7.34,7.07,29.75,missing,w,missing,u,f,f,missing,1
3.77,6.0,4.84,missing,u,l,missing,f,s,s,1
6.49,6.39,11.42,missing,missing,d,u,f,x,missing,0
3.11,6.04,3.69,missing,w,d,missing,f,f,missing,0
6.31,6.75,10.95,missing,y,d,a,f,missing,missing,0
5.69,3.52,9.46,missing,w,d,missing,f,x,missing,1
6.34,6.88,7.49,missing,r,d,a,f,c,missing,1
2.9,5.64,6.49,missing,f,d,a,f,s,missing,1
5.23,5.15,8.16,missing,g,d,u,f,f,s,0
12.97,17.7,34.0,missing,w,d,a,f,x,y,0
11.13,10.01,15.45,w,w,d,a,missing,f,i,0
0.62,3.02,0.85,w,o,g,a,f,x,missing,1
4.65,8.19,9.95,missing,w,d,u,missing,x,missing,0
13.39,10.27,17.57,missing,w,d,u,missing,x,i,0
8.71,7.61,18.77,missing,n,d,missing,f,f,missing,0
6.02,6.61,5.58,missing,n,d,u,l,x,t,0
8.9,8.99,18.68,missing,missing,missing,a,f,x,missing,1
6.39,7.52,14.54,missing,y,d,u,f,x,missing,0
1.92,4.85,1.69,missing,missing,missing,s,missing,b,t,1
1.02,3.11,1.0,missing,missing,d,missing,f,c,missing,0
3.27,6.16,3.52,missing,w,d,u,r,x,y,1
2.85,4.75,3.19,missing,w,d,missing,f,f,i,0
9.57,5.87,20.61,missing,f,l,s,f,c,missing,0
4.97,5.55,7.56,missing,r,d,a,f,x,missing,0
9.95,6.3,11.36,p,p,d,missing,f,x,i,1
4.18,3.58,5.73,missing,e,g,u,f,x,missing,0
2.41,5.49,3.8,missing,n,d,s,f,b,missing,0
7.35,4.53,13.65,missing,w,d,a,f,missing,y,1
6.83,5.51,12.28,missing,b,missing,a,f,f,missing,1
9.18,7.44,36.63,missing,w,d,u,f,f,missing,0
5.12,5.35,7.92,missing,missing,d,a,f,s,missing,1
6.94,6.84,13.8,missing,f,d,a,f,f,missing,0
8.63,7.45,17.71,missing,missing,d,a,p,p,y,0
1.56,5.36,1.74,missing,w,missing,a,f,missing,t,0
4.06,2.96,5.46,missing,w,m,w,f,f,missing,0
9.43,8.45,23.08,missing,missing,d,a,e,x,missing,0
9.95,5.57,21.24,missing,missing,d,a,f,f,missing,0
5.97,5.87,11.88,missing,missing,d,u,g,missing,missing,0
11.41,8.47,27.3,missing,n,d,u,f,s,missing,0
5.98,3.96,9.94,missing,missing,d,missing,f,x,missing,0
8.86,10.62,18.62,missing,w,d,u,missing,x,missing,0
5.53,6.55,12.03,missing,n,d,missing,f,x,missing,0
8.99,6.61,12.82,missing,y,missing,u,f,missing,s,0
17.98,24.08,19.36,missing,w,m,u,m,f,missing,0
7.02,5.37,13.3,missing,k,g,a,e,x,missing,0
10.32,7.08,19.06,missing,u,l,missing,missing,s,missing,0
1.19,3.36,5.7,missing,f,d,missing,f,f,missing,1
5.84,6.05,9.71,missing,w,missing,u,f,s,missing,0
5.72,4.53,8.56,missing,w,missing,missing,f,s,s,0
7.69,6.59,19.52,missing,u,missing,w,f,f,missing,0
9.12,5.91,9.44,missing,p,d,s,f,x,i,0
17.81,7.7,20.58,missing,w,d,a,m,f,missing,0
1.74,5.02,1.42,missing,w,d,a,f,c,missing,1
13.99,2.48,13.32,missing,w,missing,a,f,f,missing,1
49.03,5.53,27.69,missing,y,d,u,f,o,k,0
2.6,5.43,2.78,missing,n,g,a,f,x,missing,1
2.87,3.48,2.28,missing,w,g,a,f,s,h,1
8.31,7.02,15.05,missing,w,missing,missing,f,p,missing,1
7.92,9.33,15.64,missing,y,d,a,missing,x,missing,0
6.93,5.8,6.04,missing,missing,d,a,r,x,y,0
11.4,8.21,27.22,missing,missing,d,w,e,missing,missing,0
7.49,6.9,14.24,w,w,missing,u,missing,f,i,1
9.55,7.87,20.71,missing,w,d,a,f,x,missing,0
13.27,14.98,35.02,missing,w,missing,u,f,p,y,0
8.93,7.58,18.66,missing,missing,d,a,m,f,missing,1
8.75,7.64,18.09,missing,missing,missing,a,f,x,i,1
11.68,6.51,12.61,missing,p,g,a,e,missing,s,0
4.12,4.35,7.17,missing,y,d,missing,f,x,missing,1
1.78,4.96,1.48,missing,w,d,a,missing,missing,missing,1
9.24,7.32,16.99,missing,p,d,a,l,p,y,0
13.28,8.63,27.34,missing,w,d,u,f,s,missing,0
4.88,2.87,7.22,missing,w,missing,a,f,f,missing,1
1.41,4.56,1.2,missing,g,missing,u,f,c,missing,0
23.5,9.23,26.7,missing,k,d,a,f,x,missing,0
10.98,7.98,25.69,missing,e,d,u,f,x,missing,1
4.83,4.82,5.06,missing,y,l,a,f,f,missing,1
8.0,9.46,15.88,w,w,d,u,missing,x,i,0
9.92,8.93,32.56,missing,w,m,u,f,x,missing,0
3.37,6.52,3.78,missing,p,l,a,f,f,missing,0
7.76,10.1,15.18,missing,n,d,a,f,x,missing,1
5.95,7.54,12.73,missing,w,missing,u,p,p,y,1
4.88,5.76,7.37,missing,y,d,missing,f,f,missing,1
3.01,4.02,6.57,missing,e,g,w,f,missing,missing,0
4.76,7.05,4.25,missing,missing,missing,a,f,x,missing,0
3.12,4.12,2.72,missing,w,g,a,f,b,missing,0
3.24,3.64,15.22,missing,f,d,a,f,o,g,1
14.92,9.65,31.66,missing,missing,d,missing,f,x,missing,1
8.47,6.0,17.1,missing,o,d,u,f,s,missing,0
5.03,8.3,9.34,missing,w,g,a,missing,x,missing,1
3.42,6.84,4.29,missing,n,d,u,missing,f,missing,0
5.89,8.02,11.4,missing,missing,g,a,missing,p,s,1
6.49,3.8,19.57,missing,w,d,u,f,o,missing,0
4.99,6.9,4.12,missing,w,d,a,f,x,missing,0
3.77,9.49,5.05,missing,p,l,missing,missing,f,missing,1
9.83,7.48,18.12,missing,missing,d,u,missing,x,missing,0
7.26,5.75,7.98,missing,missing,h,missing,f,s,s,1
17.43,7.29,52.4,g,missing,d,u,f,s,missing,0
14.67,7.79,28.17,missing,w,l,a,f,x,missing,0
6.5,6.78,13.39,missing,w,d,u,f,x,s,0
8.18,9.58,16.45,missing,missing,m,u,l,f,missing,1
3.0,6.61,4.57,missing,u,d,missing,f,x,missing,0
2.88,7.5,3.3,missing,k,d,u,f,b,missing,0
8.47,5.4,17.05,missing,missing,d,u,f,s,missing,0
13.16,6.34,11.84,missing,missing,d,u,e,f,s,0
10.47,2.5,14.81,missing,w,d,w,f,f,missing,0
9.05,5.21,18.85,w,k,d,w,f,s,missing,0
5.35,3.86,8.39,missing,missing,d,u,f,x,missing,0
7.27,4.45,13.7,missing,w,d,a,f,f,missing,0
10.43,9.64,30.8,w,w,d,u,f,p,missing,1
7.9,7.19,15.44,missing,p,d,u,f,s,missing,1
8.32,7.65,16.21,missing,g,m,u,r,p,missing,0
2.28,3.57,2.21,p,p,missing,u,f,x,missing,1
5.99,6.13,10.09,missing,w,l,w,f,x,s,0
9.92,11.47,12.73,missing,y,d,u,missing,x,y,1
13.59,17.14,36.51,missing,n,d,a,f,p,y,0
6.12,4.55,10.33,missing,p,d,w,f,x,missing,1
9.04,4.63,18.76,missing,n,missing,a,f,x,missing,0
2.76,6.37,3.08,missing,k,d,missing,f,b,missing,1
8.03,6.1,15.77,missing,missing,d,a,f,x,missing,1
9.71,6.58,12.79,missing,w,h,a,f,x,i,1
10.19,9.04,17.87,missing,p,missing,missing,l,x,y,0
6.35,5.77,12.7,missing,y,missing,u,f,x,missing,0
5.52,5.55,15.85,missing,y,d,a,f,f,missing,1
5.09,7.41,7.92,missing,y,m,missing,f,missing,missing,1
6.69,6.5,11.96,missing,y,g,a,f,x,s,0
8.75,6.46,18.02,missing,o,d,a,f,s,missing,0
7.49,6.9,14.23,missing,missing,d,missing,f,f,missing,0
7.95,7.08,15.59,missing,w,d,missing,f,f,missing,0
7.87,5.89,13.28,missing,y,d,u,f,x,missing,1
2.77,0.0,0.0,missing,f,d,missing,f,o,f,1
6.11,13.32,5.4,missing,w,d,u,missing,x,g,1
17.36,32.03,22.64,missing,w,m,a,m,f,missing,0
10.68,6.93,19.31,missing,u,missing,w,f,f,missing,1
2.09,4.91,1.94,missing,g,missing,a,f,b,s,1
9.06,7.97,14.43,missing,n,h,a,f,x,missing,1
10.24,14.92,23.48,n,o,d,w,r,x,missing,1
3.6,5.14,7.74,missing,w,d,missing,f,f,missing,0
4.07,5.45,7.07,k,k,d,u,f,missing,s,0
8.41,7.35,17.02,missing,w,d,missing,p,x,y,1
55.49,7.69,56.96,missing,y,d,u,f,missing,k,0
7.81,7.78,15.16,missing,y,d,u,missing,x,missing,1
5.86,4.36,13.39,missing,missing,w,a,l,x,missing,0
11.87,5.01,28.6,missing,f,d,a,f,o,g,1
4.5,4.74,6.48,missing,missing,l,a,f,s,s,0
3.83,5.47,6.55,missing,y,g,a,f,x,g,1
4.43,4.7,10.18,missing,n,d,a,f,x,missing,0
3.3,4.72,4.91,missing,p,d,a,f,f,missing,0
9.34,2.25,13.66,missing,y,d,w,f,f,missing,0
1.95,5.56,3.15,missing,n,missing,u,f,b,missing,1
6.65,7.39,16.96,missing,w,d,missing,missing,o,missing,0
9.48,4.94,20.36,missing,b,d,a,f,f,missing,0
6.7,5.43,11.91,missing,b,missing,w,f,x,missing,0
9.38,5.1,24.27,missing,w,d,a,f,o,missing,0
8.55,6.14,17.35,missing,o,d,a,f,s,missing,0
6.87,6.46,12.46,missing,y,h,missing,f,x,s,1
4.94,6.64,8.11,k,n,missing,u,e,x,y,1
5.89,6.11,9.82,missing,f,d,a,f,s,missing,0
10.04,7.4,17.64,missing,missing,missing,missing,r,p,missing,0
2.14,7.34,2.44,missing,missing,m,a,e,p,missing,1
3.89,4.9,5.19,missing,p,missing,u,f,f,missing,1
9.18,7.39,20.48,missing,w,d,a,f,x,missing,0
3.34,6.15,8.98,missing,p,d,u,z,x,missing,1
1.68,3.28,1.31,missing,g,d,missing,f,c,missing,0
2.79,7.28,3.14,missing,y,g,u,f,f,missing,1
4.3,5.75,4.05,missing,missing,d,a,f,f,i,1
3.04,4.81,2.87,missing,g,d,a,f,f,s,0
2.17,6.89,4.09,missing,p,l,u,f,f,i,0
6.29,6.09,10.51,missing,w,g,u,f,f,i,0
9.15,11.04,16.04,missing,w,missing,a,g,f,missing,0
8.04,13.8,7.68,missing,w,d,missing,f,x,g,1
2.74,4.78,6.15,missing,missing,d,a,f,s,missing,0
5.32,4.34,7.81,missing,missing,w,a,l,x,missing,0
3.83,7.19,8.27,missing,f,missing,a,f,s,missing,0
11.31,9.2,15.7,w,w,d,w,missing,x,i,0
10.63,7.55,24.38,missing,w,d,missing,e,f,missing,0
5.29,7.0,7.46,missing,y,g,u,f,b,missing,0
11.65,10.41,28.61,missing,missing,missing,u,f,x,missing,1
3.01,6.04,4.85,missing,u,d,u,f,x,missing,0
5.54,4.98,8.9,missing,w,d,u,f,f,i,0
8.13,7.36,13.42,missing,w,g,a,f,p,missing,0
8.83,4.18,13.2,missing,w,d,u,f,x,missing,0
3.43,5.5,4.28,missing,w,d,w,f,x,missing,0
2.81,2.58,5.28,missing,n,d,a,f,s,missing,1
5.35,4.59,8.43,missing,missing,l,a,f,s,s,0
2.62,5.2,5.97,missing,w,d,a,f,s,missing,1
6.34,4.38,10.9,missing,n,missing,u,f,x,missing,0
8.81,13.1,18.59,missing,w,missing,u,g,missing,missing,0
10.93,13.68,27.33,missing,o,d,w,r,x,missing,1
7.81,7.65,15.22,missing,w,d,missing,p,missing,y,1
1.73,6.33,2.18,missing,missing,g,a,f,x,t,0
6.92,6.35,16.94,missing,n,d,missing,p,x,missing,0
6.97,6.97,14.54,missing,missing,d,u,f,s,missing,0
5.33,5.76,8.42,missing,y,m,u,f,b,missing,1
0.97,2.71,1.34,missing,g,missing,s,f,b,missing,0
8.74,5.1,13.83,missing,missing,missing,a,f,x,missing,1
6.69,6.98,11.99,missing,y,missing,missing,f,x,missing,0
4.17,5.17,6.1,missing,n,d,u,f,f,k,0
2.35,5.59,3.38,missing,w,d,w,f,x,missing,0
5.14,5.02,7.93,missing,missing,missing,u,missing,f,missing,0
8.01,6.38,11.53,missing,w,d,a,l,b,y,1
7.29,8.05,13.72,missing,g,d,missing,l,x,missing,0
5.08,5.64,7.82,missing,w,d,w,f,x,missing,1
6.26,7.51,9.35,missing,w,l,a,f,missing,s,0
2.69,5.23,6.09,missing,missing,g,u,f,f,t,1
8.02,7.16,15.82,missing,missing,missing,u,missing,x,missing,0
8.45,5.69,17.01,missing,w,missing,missing,f,f,missing,1
11.37,5.53,14.41,missing,n,d,u,f,missing,missing,1
4.4,3.35,6.19,missing,y,d,a,f,s,missing,1
7.19,9.35,13.48,missing,n,missing,a,f,f,i,0
10.86,10.52,18.06,missing,g,m,a,r,x,missing,0
5.95,4.59,9.9,missing,y,d,a,f,f,i,1
6.98,6.07,11.71,missing,y,g,missing,f,x,s,0
10.98,27.16,13.92,missing,w,g,w,e,p,s,0
5.69,9.09,9.43,missing,y,d,u,missing,x,y,1
8.87,11.37,18.7,missing,w,d,missing,missing,x,missing,0
11.44,9.14,31.55,missing,e,d,u,missing,x,missing,1
4.22,5.11,5.89,missing,w,m,w,f,x,missing,0
3.08,7.31,3.67,missing,missing,d,a,f,b,missing,0
1.99,5.79,1.81,missing,missing,d,s,missing,x,missing,1
8.3,7.08,15.39,missing,y,d,u,missing,x,missing,0
3.0,6.08,3.73,missing,g,d,w,f,b,s,0
4.89,5.75,8.33,missing,w,d,missing,f,b,s,0
4.61,6.45,4.96,missing,w,d,w,f,f,s,0
4.47,5.72,7.76,missing,o,missing,w,f,x,missing,0
12.69,11.37,32.43,missing,missing,d,u,f,x,missing,1
4.25,5.34,6.69,missing,missing,d,a,f,x,missing,1
4.96,4.37,7.49,missing,w,l,a,f,s,s,0
12.33,5.82,25.66,missing,w,d,a,f,s,missing,0
5.84,6.05,9.71,missing,missing,d,a,f,f,missing,0
3.24,5.93,8.81,missing,y,d,missing,f,x,missing,0
7.38,5.5,13.82,missing,w,d,u,f,s,missing,0
1.78,4.85,1.48,missing,missing,d,a,f,b,t,1
4.7,7.7,8.49,missing,missing,d,missing,z,x,missing,1
12.84,14.59,33.28,missing,missing,d,u,f,x,y,1
8.79,7.26,18.19,missing,w,missing,u,f,f,s,0
4.47,4.52,3.39,missing,g,d,a,f,f,s,0
12.73,7.33,16.15,missing,missing,m,a,l,x,missing,0
4.77,0.0,0.0,missing,missing,d,missing,f,o,f,1
5.41,6.42,11.4,missing,b,d,w,f,f,missing,0
4.9,4.58,7.31,missing,f,d,u,f,f,missing,0
4.59,4.47,4.02,missing,missing,d,u,f,s,missing,1
8.72,6.35,16.68,missing,o,d,u,f,missing,missing,0
8.61,7.44,17.65,missing,w,d,a,m,f,missing,0
2.58,5.49,2.74,missing,k,missing,s,f,b,missing,0
8.43,7.36,17.09,missing,y,d,u,f,x,missing,0
8.23,8.04,21.73,missing,w,d,a,f,x,s,0
10.56,4.73,22.71,missing,w,d,u,f,missing,missing,0
5.79,5.18,9.77,missing,g,d,u,f,b,s,1
2.56,2.31,2.64,missing,n,d,u,missing,x,s,1
2.86,6.4,3.25,missing,k,missing,a,f,b,missing,0
11.31,7.1,16.35,missing,y,d,a,f,missing,i,1
5.96,5.89,9.05,missing,w,l,a,f,s,s,1
3.79,5.23,4.99,missing,y,missing,missing,f,f,k,1
10.09,21.45,12.88,missing,p,d,w,e,f,s,0
7.71,10.81,25.47,missing,g,d,u,f,x,y,0
5.46,5.83,8.75,missing,p,d,a,f,missing,y,0
5.67,5.95,9.87,missing,y,missing,u,f,f,missing,1
8.15,6.94,14.46,missing,w,missing,u,f,x,missing,0
5.95,5.07,12.04,missing,missing,m,u,e,x,missing,0
3.58,5.72,6.4,missing,k,d,u,f,f,s,0
7.31,6.53,13.7,missing,y,missing,u,f,x,missing,0
3.17,6.45,3.81,missing,u,d,u,f,f,missing,0
22.07,10.51,48.65,missing,y,d,a,f,x,missing,0
7.11,4.36,12.96,missing,n,missing,u,l,missing,missing,1
5.72,12.15,64.96,missing,missing,d,u,f,s,missing,0
8.26,15.14,16.91,missing,p,missing,a,f,p,missing,1
8.09,8.5,19.34,missing,n,d,a,f,x,missing,1
7.34,7.04,19.69,missing,g,d,a,missing,s,missing,0
3.83,3.56,2.51,missing,w,missing,a,f,f,missing,1
48.91,7.26,101.62,missing,missing,d,s,f,o,k,0
8.75,3.85,17.75,missing,f,d,missing,missing,o,g,1
1.74,3.38,2.52,p,p,g,u,f,f,missing,1
5.83,6.88,9.71,missing,w,l,w,f,f,s,0
4.78,4.15,12.79,missing,k,g,u,e,x,missing,0
1.2,2.88,1.45,missing,g,d,missing,f,p,missing,1
6.83,13.67,14.01,missing,w,d,a,f,c,s,0
10.84,5.42,24.92,missing,y,d,a,f,s,missing,0
0.64,0.0,0.0,missing,f,d,missing,f,o,f,1
7.58,7.96,22.19,missing,w,d,u,f,x,missing,0
2.09,6.27,4.92,missing,missing,missing,a,missing,x,missing,1
7.85,7.08,15.3,missing,w,d,a,missing,x,missing,1
6.86,12.77,12.68,missing,w,d,missing,f,x,s,0
5.53,5.88,8.93,missing,o,d,u,f,x,missing,0
1.71,3.79,1.37,missing,n,missing,a,f,x,missing,0
1.67,4.24,1.31,missing,n,d,u,f,b,t,1
12.69,11.0,15.32,missing,w,d,missing,g,x,missing,0
5.07,4.69,7.64,missing,f,d,missing,f,x,missing,0
1.58,5.88,2.0,missing,missing,missing,u,f,x,t,1
0.64,0.0,0.0,missing,w,d,u,f,o,f,1
6.28,6.65,12.69,missing,w,d,u,l,b,y,1
13.86,5.57,23.63,missing,p,d,a,f,s,missing,0
5.92,6.13,6.89,missing,w,missing,s,missing,x,s,0
3.88,5.36,6.72,missing,w,missing,a,f,f,missing,1
5.14,5.03,7.95,missing,missing,d,a,f,x,i,1
4.25,4.63,5.92,missing,p,missing,missing,f,s,missing,0
2.88,4.66,3.25,missing,w,g,u,f,b,missing,0
8.02,2.57,15.4,missing,w,missing,w,f,f,missing,0
8.44,10.48,17.28,missing,missing,missing,a,missing,x,missing,0
9.87,6.13,10.53,p,w,missing,s,f,x,i,0
4.08,5.71,8.07,missing,missing,d,u,f,x,missing,0
5.0,4.94,5.9,missing,missing,d,w,r,x,s,0
7.92,6.84,13.96,missing,w,missing,a,f,o,missing,0
11.58,6.87,16.18,missing,missing,d,a,f,missing,i,0
5.72,4.7,9.34,missing,g,d,missing,f,f,s,0
11.82,4.83,28.38,missing,f,p,missing,f,o,missing,0
5.9,4.21,9.76,missing,e,missing,a,f,x,missing,0
8.82,4.86,16.4,missing,w,d,u,f,f,missing,0
3.78,5.33,6.18,missing,g,missing,missing,e,x,y,1
4.15,3.44,3.81,missing,missing,d,u,r,x,y,0
6.56,5.35,11.54,missing,missing,d,u,f,x,missing,0
7.56,1.44,13.87,missing,y,d,w,f,o,missing,0
19.95,7.67,20.54,missing,missing,m,missing,m,missing,missing,0
11.12,8.7,27.53,missing,w,missing,u,f,missing,missing,1
1.9,6.51,3.24,missing,missing,missing,a,f,b,missing,1
9.26,4.88,19.49,missing,b,d,a,f,f,missing,0
4.71,5.51,7.38,missing,k,d,s,z,x,missing,1
2.84,2.99,8.22,missing,w,missing,a,f,x,missing,1
8.7,6.98,10.37,p,w,d,s,f,x,i,0
4.43,12.54,12.28,missing,w,d,a,f,x,s,0
3.99,3.11,5.32,missing,o,m,a,f,x,missing,1
9.2,5.93,19.4,missing,w,d,a,f,x,missing,0
10.13,9.05,17.96,missing,missing,d,missing,l,x,y,0
7.46,4.66,11.44,missing,p,missing,a,f,f,missing,1
6.74,6.59,12.43,missing,o,m,a,f,s,missing,0
3.64,5.21,4.7,missing,e,l,a,f,f,missing,1
6.03,6.76,13.23,missing,y,d,u,missing,x,missing,0
8.37,6.88,13.65,missing,missing,g,a,f,x,s,0
0.87,5.49,0.99,missing,w,missing,missing,f,c,missing,1
2.07,4.02,2.73,missing,n,m,s,e,p,t,1
8.01,13.73,13.15,missing,w,d,u,e,b,y,1
7.14,5.91,9.95,missing,w,d,u,f,x,y,0
7.07,12.92,6.85,missing,w,d,a,f,x,g,1
4.97,4.2,7.5,missing,missing,d,a,f,s,s,0
4.48,6.79,8.23,missing,f,d,missing,f,s,missing,0
6.48,6.77,15.45,missing,missing,d,u,f,x,missing,0
8.22,7.89,20.61,missing,b,d,missing,f,f,missing,0
5.99,6.11,10.0,missing,b,d,w,f,s,missing,0
8.32,4.44,16.5,missing,missing,missing,a,f,x,missing,0
4.72,5.41,7.0,missing,o,m,u,f,x,missing,0
4.48,5.26,6.46,missing,g,l,missing,f,b,s,1
0.64,0.0,0.0,missing,f,d,w,f,o,f,1
6.42,7.11,11.26,missing,w,g,u,f,f,i,0
15.63,10.43,17.87,missing,missing,missing,a,missing,x,missing,0
6.55,6.06,9.84,missing,y,missing,u,f,f,missing,1
6.85,4.05,12.22,missing,w,d,a,f,x,missing,1
9.54,17.9,12.1,missing,k,g,w,e,f,s,0
4.13,5.71,8.07,missing,o,d,w,f,x,t,0
5.59,5.9,10.69,missing,w,l,u,f,f,i,0
3.08,6.37,3.64,missing,n,g,u,f,b,missing,1
6.03,5.4,10.55,missing,w,d,u,f,b,s,0
1.06,4.83,1.64,missing,w,l,missing,f,c,missing,1
4.15,4.3,7.94,missing,g,missing,u,missing,f,missing,0
4.58,5.29,3.53,missing,g,d,a,f,f,s,0
1.9,3.46,1.63,missing,w,missing,a,f,c,missing,0
11.35,7.14,20.76,missing,n,d,a,f,s,missing,0
1.5,4.09,2.24,p,p,g,missing,f,x,missing,0
10.53,7.81,24.06,w,k,d,missing,f,f,missing,0
11.52,12.09,17.35,missing,missing,missing,missing,missing,f,missing,0
5.36,5.77,8.49,missing,missing,g,u,f,b,missing,1
7.15,5.41,12.68,missing,w,d,missing,f,s,missing,1
8.67,10.6,18.02,missing,w,d,missing,z,b,missing,1
13.97,7.44,25.64,missing,w,d,u,f,missing,missing,0
18.42,20.14,50.88,missing,w,d,missing,m,p,missing,0
4.11,4.03,5.81,missing,missing,d,missing,f,f,missing,0
9.44,8.93,10.88,p,w,d,a,f,x,i,0
5.5,5.7,8.22,missing,g,d,a,f,f,missing,0
3.69,4.51,2.95,missing,missing,d,a,missing,f,missing,0
1.64,3.65,1.94,missing,w,g,missing,f,x,t,0
8.94,7.59,18.7,missing,w,missing,u,f,x,missing,0
6.72,7.76,16.32,missing,y,missing,u,f,x,missing,0
1.43,4.21,1.39,missing,n,d,w,f,x,missing,1
7.54,8.7,14.48,k,missing,d,s,z,x,missing,1
6.03,5.55,9.73,missing,n,d,a,l,x,t,0
1.95,4.02,2.72,missing,n,m,a,e,p,t,1
11.9,9.65,14.63,missing,w,d,u,g,f,missing,0
2.28,3.71,4.71,n,e,missing,a,missing,x,missing,1
1.27,3.85,6.42,missing,f,missing,u,f,x,missing,1
8.4,7.34,16.97,missing,w,missing,u,f,f,s,1
7.05,9.13,13.07,missing,n,d,a,missing,f,i,0
5.72,6.58,9.96,missing,w,d,u,f,f,missing,0
14.45,9.25,17.36,missing,g,m,u,l,p,missing,0
8.55,6.35,9.99,missing,w,d,w,f,x,missing,0
12.53,7.15,31.4,missing,o,d,a,f,x,missing,1
4.08,2.87,5.5,missing,n,missing,a,missing,s,missing,1
16.14,10.47,46.97,missing,y,d,s,f,o,k,1
5.56,6.34,9.01,missing,w,l,w,f,x,s,0
7.66,8.41,14.82,missing,missing,h,a,f,x,missing,1
5.54,4.59,8.87,missing,missing,d,u,f,f,s,0
8.54,7.38,13.81,missing,y,d,a,f,missing,missing,0
8.71,7.98,14.23,missing,n,h,missing,f,x,missing,1
1.76,5.21,2.68,missing,missing,h,missing,f,f,i,0
10.34,11.28,35.16,missing,w,d,u,f,x,missing,1
7.22,13.75,13.72,missing,w,d,a,e,b,y,1
12.76,10.58,32.65,w,w,d,a,f,p,missing,1
7.48,6.78,13.58,missing,missing,missing,a,f,x,missing,1
6.01,6.45,10.16,missing,w,g,u,f,f,i,0
6.64,4.41,11.7,missing,w,d,a,f,s,t,1
3.79,4.22,2.8,missing,w,g,missing,f,b,missing,0
4.68,0.0,0.0,n,w,d,u,f,o,f,1
7.07,13.67,13.29,missing,missing,d,a,e,b,y,1
7.41,6.34,11.29,missing,g,d,a,f,s,t,1
9.91,12.8,22.23,missing,k,g,w,missing,f,missing,0
1.58,5.49,1.83,missing,w,missing,a,missing,x,t,1
5.48,2.75,8.61,missing,y,d,u,f,x,missing,0
7.54,6.01,14.31,missing,y,d,missing,f,x,missing,0
5.37,5.11,8.41,missing,w,d,a,f,x,missing,0
6.61,5.13,8.94,missing,missing,missing,missing,f,x,y,0
6.0,8.8,10.23,missing,missing,d,a,missing,x,y,1
3.79,6.23,10.19,missing,y,d,u,missing,x,missing,1
7.12,7.28,13.66,missing,missing,missing,missing,l,missing,missing,1
6.86,6.58,12.42,missing,w,d,a,f,x,s,1
16.0,24.05,19.61,missing,w,missing,a,m,p,missing,0
6.71,4.74,11.63,missing,p,m,a,e,f,missing,0
2.94,2.88,3.3,missing,missing,p,u,f,c,missing,1
22.38,16.49,79.29,missing,y,d,u,f,x,missing,0
7.83,4.84,19.41,missing,missing,d,a,f,f,missing,0
4.61,5.05,6.73,missing,r,missing,a,f,f,missing,1
13.88,8.22,17.81,missing,p,d,a,f,missing,i,1
3.04,6.3,2.71,missing,n,d,s,f,b,missing,0
4.56,3.48,6.54,missing,y,d,missing,f,s,missing,1
8.99,12.6,19.16,missing,w,d,missing,g,x,missing,0
19.69,7.04,44.84,missing,y,d,u,f,f,k,1
6.04,4.84,10.15,missing,y,d,u,f,x,missing,0
4.6,6.46,11.41,missing,g,g,w,z,b,s,1
4.29,5.17,16.37,missing,f,l,missing,f,c,missing,0
2.93,4.73,6.29,missing,y,m,a,f,f,t,1
4.38,3.69,11.66,missing,r,d,a,f,x,missing,1
15.78,9.07,31.76,missing,y,d,a,missing,x,missing,1
5.39,6.68,8.62,missing,y,g,u,f,x,g,1
9.0,9.26,16.25,missing,y,missing,u,missing,missing,missing,0
7.84,7.07,15.28,missing,y,d,missing,f,x,missing,0
2.32,8.08,2.59,missing,missing,m,s,e,p,t,1
10.72,12.14,17.75,missing,w,d,u,g,x,missing,0
4.33,5.7,6.97,missing,missing,g,a,f,x,g,1
3.27,6.11,7.16,missing,f,d,a,f,s,missing,1
5.76,6.23,9.77,missing,w,l,a,f,x,missing,1
11.63,6.9,25.56,missing,y,missing,a,f,s,missing,0
6.82,9.4,12.46,missing,n,missing,missing,f,f,i,0
11.39,7.35,17.45,w,missing,d,w,missing,f,i,0
9.86,6.46,17.64,missing,o,d,a,missing,s,missing,0
9.53,12.48,20.92,missing,missing,missing,a,g,f,missing,0
5.84,6.05,9.71,missing,y,d,a,f,f,y,1
9.5,7.11,17.41,missing,y,d,a,f,f,y,0
6.44,4.07,12.3,missing,p,w,u,l,f,missing,0
7.62,6.96,14.6,missing,w,missing,a,f,x,missing,0
10.96,10.77,18.36,missing,g,m,u,l,f,missing,0
5.43,6.73,6.93,missing,y,m,missing,f,b,missing,1
4.05,6.45,7.48,missing,f,missing,a,f,s,missing,0
4.39,5.24,6.26,missing,k,d,u,f,f,s,0
4.18,4.59,4.33,missing,missing,missing,u,f,f,missing,1
13.44,7.74,35.07,missing,missing,d,a,f,o,missing,0
7.21,8.88,13.52,missing,r,d,s,f,c,missing,1
2.52,5.01,2.64,missing,missing,d,missing,f,b,missing,0
10.89,7.78,20.32,missing,b,missing,a,f,f,missing,0
44.12,6.0,34.46,missing,y,d,u,f,missing,k,0
17.65,7.08,22.79,missing,k,missing,w,f,f,missing,1
5.22,5.14,8.14,missing,p,d,u,f,s,missing,0
12.08,8.94,29.86,missing,y,d,missing,f,f,k,1
9.04,6.54,12.48,missing,g,d,a,f,s,t,1
6.45,6.96,11.32,k,n,missing,u,f,x,s,0
8.49,6.58,17.22,missing,o,d,a,f,s,missing,0
0.89,2.77,1.42,missing,g,d,missing,f,b,missing,0
1.49,1.98,2.58,missing,n,h,a,f,x,s,1
1.58,4.23,3.13,missing,p,missing,u,f,s,i,0
17.76,23.39,51.77,missing,missing,d,a,m,f,missing,0
4.33,5.87,3.68,missing,missing,missing,missing,f,x,missing,0
6.54,12.2,11.78,missing,w,d,u,f,x,s,0
8.9,11.01,18.79,missing,g,d,a,missing,x,y,0
17.39,28.33,54.35,missing,w,m,a,m,p,missing,0
10.18,7.73,22.83,missing,w,d,u,f,x,missing,0
14.92,6.79,24.04,w,k,d,a,f,f,missing,0
5.84,6.05,9.71,missing,w,d,missing,f,x,missing,0
5.36,7.39,8.57,missing,w,d,a,f,s,missing,1
3.8,4.53,6.3,missing,w,d,u,f,f,missing,0
10.2,8.53,15.7,missing,w,d,u,g,missing,missing,0
4.9,7.0,10.58,missing,w,l,w,missing,f,s,0
5.98,7.66,10.12,missing,w,l,a,f,f,s,0
4.98,3.32,7.49,missing,w,g,a,f,s,missing,0
5.32,5.82,8.69,missing,y,h,u,f,s,missing,1
7.87,8.06,21.8,missing,w,d,u,f,s,missing,0
6.84,6.96,14.46,missing,w,d,a,f,s,missing,0
10.87,6.78,21.45,missing,missing,d,u,f,x,missing,1
7.86,7.51,15.36,missing,missing,d,u,f,x,missing,1
2.74,2.51,5.18,missing,missing,missing,missing,missing,f,missing,1
5.8,5.21,11.9,missing,b,m,a,f,f,missing,0
7.8,8.3,10.61,missing,n,d,a,f,missing,missing,1
6.91,8.2,18.31,missing,w,missing,a,f,x,missing,0
6.19,4.02,20.97,missing,f,missing,s,f,o,missing,0
5.94,3.88,14.54,missing,f,missing,missing,f,s,missing,0
1.67,2.95,1.29,missing,missing,d,a,f,b,missing,0
0.7,4.66,1.11,w,o,g,missing,f,f,missing,0
5.88,3.55,9.73,missing,w,d,u,f,s,missing,0
7.26,6.79,13.57,missing,f,d,u,missing,x,missing,0
8.67,7.47,17.85,missing,g,d,a,f,f,missing,1
3.21,5.39,3.06,missing,u,d,u,missing,f,missing,0
9.55,7.87,20.71,missing,f,l,s,f,missing,missing,1
9.88,7.28,21.77,missing,y,d,u,f,x,missing,0
10.87,4.95,23.68,missing,w,d,u,f,o,missing,1
1.44,5.45,1.01,missing,p,h,u,f,c,missing,0
7.86,6.86,15.3,missing,w,d,a,p,x,y,1
1.08,3.53,2.4,missing,g,missing,missing,f,b,missing,1
6.13,6.56,10.48,missing,w,missing,a,f,x,s,0
4.33,4.08,6.08,missing,missing,m,missing,f,x,missing,0
9.6,4.79,20.58,missing,missing,d,a,f,f,missing,0
8.47,7.37,17.2,missing,missing,d,missing,f,x,missing,0
6.19,6.6,12.42,missing,w,d,a,g,x,missing,0
4.45,4.71,6.37,missing,n,missing,missing,z,x,y,1
9.48,2.56,12.19,missing,y,d,a,f,f,missing,0
5.14,4.33,3.7,missing,g,missing,a,f,b,s,0
1.4,6.17,1.14,missing,p,h,u,f,c,missing,0
3.83,4.86,5.07,missing,p,d,a,f,s,missing,0
7.12,8.49,13.69,missing,g,d,missing,l,x,missing,1
1.95,4.45,1.87,missing,missing,missing,u,f,b,s,1
4.64,5.88,6.83,missing,w,d,missing,f,x,missing,1
8.36,5.57,10.89,missing,p,missing,w,missing,f,missing,1
6.55,6.42,11.57,w,w,d,u,missing,f,i,0
2.39,7.29,3.72,missing,p,h,a,missing,f,i,0
7.03,6.12,12.86,missing,y,missing,a,missing,missing,missing,0
0.64,0.0,0.0,missing,f,missing,missing,f,o,f,1
10.57,9.05,22.89,missing,missing,d,u,f,x,missing,0
4.13,6.24,7.29,missing,y,g,u,missing,x,g,1
6.8,5.33,13.72,missing,p,m,a,e,f,missing,0
5.51,5.74,8.96,missing,y,d,missing,f,f,s,1
2.84,3.48,12.42,missing,f,d,a,f,o,g,1
4.89,3.84,5.48,missing,n,d,u,f,f,k,1
3.26,4.28,4.67,missing,p,d,missing,f,f,missing,0
10.61,8.24,24.39,missing,w,missing,w,f,s,missing,0
2.66,5.92,2.66,missing,n,d,s,f,b,missing,0
1.88,5.41,1.64,missing,n,h,missing,f,b,t,1
5.61,6.7,9.15,missing,missing,missing,w,f,x,s,0
9.65,2.91,24.57,missing,f,d,u,missing,o,g,0
4.59,3.92,6.64,missing,w,m,w,f,f,missing,0
18.14,9.27,34.06,missing,n,d,u,f,p,y,0
8.04,7.39,28.47,missing,w,missing,s,f,x,missing,0
3.85,4.83,6.09,missing,w,missing,a,f,f,missing,1
2.47,6.86,2.59,missing,n,m,u,e,missing,t,1
2.59,6.35,2.78,missing,n,g,a,f,f,missing,1
2.6,3.9,4.17,missing,e,d,a,f,x,missing,1
10.27,5.44,22.93,missing,w,d,u,f,s,missing,0
6.31,6.39,15.45,missing,r,d,a,f,x,y,1
1.66,3.01,1.29,missing,g,d,u,f,p,missing,0
6.58,4.79,11.55,missing,missing,g,a,e,f,missing,0
6.11,6.13,10.12,missing,w,d,a,f,x,y,0
1.46,4.94,2.5,missing,k,g,u,f,x,missing,0
5.96,6.12,10.01,missing,y,d,missing,f,f,missing,0
3.19,7.82,2.4,missing,n,g,missing,f,b,missing,1
18.76,25.32,20.68,missing,missing,m,missing,m,p,missing,0
8.91,8.08,22.14,missing,f,missing,missing,f,o,g,1
9.98,8.62,22.22,missing,y,missing,u,f,x,missing,0
2.52,3.95,2.61,missing,n,m,a,e,p,t,1
8.8,5.76,18.1,missing,missing,d,u,f,s,missing,0
4.01,4.2,3.31,missing,w,missing,missing,f,b,missing,0
9.29,1.57,14.6,missing,y,missing,missing,f,o,missing,1
4.39,6.16,30.55,missing,f,d,a,f,o,g,1
5.93,6.29,14.23,missing,y,d,a,f,x,i,1
5.69,5.61,12.34,missing,r,d,a,f,x,missing,0
18.13,10.61,56.33,missing,y,d,u,f,x,missing,1
18.07,17.1,59.98,missing,w,d,a,f,p,missing,0
2.65,5.35,6.62,missing,p,d,a,z,x,missing,1
7.0,5.73,10.49,missing,y,d,u,f,f,missing,1
5.69,5.59,6.49,missing,missing,d,u,missing,b,i,1
5.22,1.29,12.74,missing,o,d,w,f,o,missing,1
2.85,9.09,2.52,missing,n,missing,a,f,b,missing,1
6.67,6.71,13.05,missing,o,missing,a,f,f,missing,0
7.27,6.66,12.9,missing,missing,g,a,f,p,missing,0
5.0,5.38,6.91,missing,y,missing,u,missing,missing,g,1
8.45,5.27,16.98,missing,o,d,u,f,s,missing,0
6.6,6.45,11.72,missing,p,d,missing,f,s,missing,1
3.01,4.31,3.48,missing,g,d,missing,f,f,s,0
7.09,7.75,10.63,missing,w,l,w,f,missing,s,0
8.57,4.71,12.53,missing,w,d,u,missing,s,t,1
2.8,5.44,6.53,missing,p,d,a,z,x,missing,0
3.88,6.44,6.38,k,k,d,missing,f,x,s,0
1.79,2.83,1.47,missing,w,l,u,f,x,missing,1
5.72,6.58,12.23,missing,g,d,a,z,b,s,1
1.47,3.1,1.03,missing,w,h,u,f,c,missing,0
4.41,5.89,10.35,missing,n,missing,missing,f,x,missing,0
2.04,3.76,1.85,missing,missing,d,a,f,b,missing,1
5.66,6.82,45.37,missing,missing,d,a,f,s,missing,0
4.22,3.2,5.8,missing,o,missing,a,f,f,missing,1
5.81,7.37,9.67,p,p,d,a,f,x,i,0
10.81,2.6,24.33,missing,f,d,missing,f,o,g,1
6.71,6.91,21.5,w,y,d,u,f,f,missing,0
3.42,4.44,3.39,missing,w,missing,u,e,b,k,1
2.59,4.2,2.74,missing,y,l,a,f,f,s,1
9.05,9.24,19.16,missing,y,missing,u,p,x,missing,0
2.42,2.51,2.8,missing,y,d,missing,f,f,missing,1
7.26,5.04,10.81,missing,p,d,u,f,x,y,0
4.39,4.95,5.41,missing,missing,d,u,f,f,k,1
14.91,9.28,33.43,missing,o,d,a,f,x,missing,1
5.94,6.19,9.96,missing,missing,d,missing,f,o,k,0
7.39,9.16,20.16,missing,missing,d,a,missing,missing,missing,1
4.81,4.56,7.15,missing,g,d,u,f,b,s,1
17.89,10.99,35.28,missing,y,d,missing,f,x,missing,1
4.44,2.82,5.56,missing,missing,d,a,f,x,missing,1
8.87,6.65,25.01,missing,w,d,a,e,x,missing,0
8.26,7.19,21.04,missing,p,g,w,f,f,missing,0
10.3,10.77,13.89,missing,w,missing,a,e,f,missing,1
9.31,7.02,19.85,missing,n,d,u,f,x,missing,0
5.57,5.35,10.43,missing,missing,d,a,f,f,s,0
10.06,8.09,22.45,missing,g,d,a,f,x,y,0
6.24,6.44,11.59,missing,r,d,u,missing,x,missing,0
6.05,7.88,10.31,p,w,d,w,f,x,i,0
6.51,8.69,11.74,missing,y,d,a,f,f,t,0
8.84,15.57,18.77,missing,k,d,a,f,p,missing,1
6.89,5.36,12.44,missing,y,d,missing,f,x,missing,0
14.27,28.21,20.72,missing,missing,d,a,m,f,missing,0
7.36,8.41,13.94,missing,missing,d,missing,f,f,t,1
5.52,6.47,8.1,missing,n,d,u,f,c,missing,1
12.52,8.71,17.12,missing,g,m,a,r,p,missing,0
3.09,4.81,4.84,missing,u,l,missing,f,f,s,1
4.25,3.16,11.02,missing,g,d,a,f,x,missing,1
2.42,3.6,2.45,missing,w,g,a,f,b,missing,0
5.71,5.88,8.98,missing,w,l,a,f,f,i,0
7.25,7.3,12.34,missing,w,g,a,l,x,missing,1
9.58,9.27,16.89,missing,missing,d,a,p,p,missing,0
3.28,3.95,2.86,p,missing,g,u,f,f,missing,1
1.42,4.33,0.98,missing,missing,missing,a,f,missing,s,1
4.54,4.2,6.55,missing,p,d,missing,f,s,missing,0
4.53,5.48,6.56,missing,n,d,u,missing,b,i,1
5.87,5.51,9.75,missing,missing,d,missing,z,x,missing,1
2.96,4.61,5.25,missing,p,d,u,f,s,missing,0
7.62,9.39,14.75,missing,w,missing,u,missing,f,i,0
8.95,8.0,19.09,missing,w,missing,u,f,x,missing,0
1.32,3.3,1.32,missing,missing,g,a,f,x,t,0
4.33,5.59,7.64,missing,r,d,a,f,x,missing,0
0.84,2.9,1.39,missing,missing,d,u,f,b,missing,0
4.48,7.54,44.96,g,f,missing,missing,f,missing,missing,0
3.89,4.89,6.09,missing,p,missing,u,f,s,missing,0
10.82,9.36,22.95,missing,y,d,a,f,x,missing,0
4.1,5.47,7.16,missing,w,d,s,f,f,s,1
5.03,3.46,6.03,missing,n,d,u,f,f,k,1
4.37,0.0,0.0,missing,missing,missing,a,f,o,f,1
7.39,7.02,14.9,missing,w,g,u,f,x,missing,0
1.89,6.57,1.66,missing,w,h,a,f,x,t,0
7.3,6.74,8.76,missing,w,d,u,f,s,missing,1
5.6,7.05,4.31,missing,missing,missing,missing,f,missing,missing,0
10.52,7.61,21.87,missing,y,d,missing,f,x,missing,0
8.21,8.7,9.49,missing,missing,missing,a,f,f,i,1
15.92,7.19,16.95,missing,w,g,a,missing,x,missing,0
1.61,4.92,2.62,missing,g,d,w,f,x,missing,0
4.18,6.53,5.83,k,n,missing,u,f,f,s,0
3.47,4.1,10.14,missing,e,d,a,f,x,missing,0
5.35,7.79,19.26,missing,f,d,s,f,p,missing,0
6.76,7.03,14.87,missing,w,d,u,f,x,missing,0
3.28,4.71,6.96,missing,e,m,w,missing,missing,missing,0
0.86,3.42,2.5,missing,k,m,u,f,b,missing,0
6.46,4.97,11.25,missing,n,d,a,f,x,missing,0
11.42,8.67,27.35,missing,f,d,s,f,o,g,0
4.57,6.29,8.74,missing,o,d,a,f,f,t,0
1.5,4.61,1.7,missing,n,g,s,f,b,t,0
4.32,5.16,6.09,missing,o,d,w,f,f,t,0
5.11,5.13,37.59,g,f,d,w,f,s,missing,0
1.54,5.55,2.71,missing,k,d,a,f,f,missing,0
1.28,3.49,1.37,missing,n,d,u,f,x,missing,0
7.6,6.94,12.92,missing,y,d,a,f,x,missing,0
3.64,3.47,6.45,missing,missing,g,a,f,x,missing,0
5.51,5.08,5.95,missing,n,d,w,r,x,y,1
1.13,3.02,1.68,missing,g,d,missing,f,p,missing,0
15.47,10.23,43.96,missing,missing,missing,a,f,missing,k,1
6.29,7.75,19.22,missing,g,g,a,f,x,missing,0
4.46,5.9,11.77,missing,n,d,a,f,x,missing,0
8.3,1.67,16.33,missing,o,d,w,f,o,missing,1
3.8,5.18,10.56,missing,n,d,a,f,x,missing,0
4.86,5.49,7.32,missing,o,d,a,f,x,t,0
0.54,2.86,0.63,missing,missing,d,missing,f,x,missing,1
2.57,2.92,5.33,missing,y,missing,a,f,f,missing,0
2.99,3.07,3.77,missing,w,g,a,f,f,missing,0
1.6,4.36,1.66,missing,n,missing,missing,f,b,t,0
7.73,4.46,13.89,missing,w,d,a,f,x,missing,0
6.7,5.72,11.93,missing,y,h,a,f,x,s,1
5.68,6.75,13.12,missing,y,d,a,f,x,i,1
6.3,6.64,11.86,missing,y,missing,missing,f,x,s,0
4.87,6.59,4.19,missing,n,d,a,f,f,missing,0
3.69,5.71,6.34,k,k,d,missing,f,missing,s,0
3.85,5.93,4.31,missing,p,g,a,f,f,i,1
13.82,14.26,55.75,missing,w,missing,a,f,missing,missing,0
10.36,5.73,23.27,missing,w,d,missing,e,x,missing,0
5.98,5.55,10.03,missing,p,d,missing,f,x,y,0
11.19,6.96,25.28,missing,y,d,a,f,s,missing,1
5.85,6.89,4.82,missing,n,d,w,l,x,t,0
3.5,4.84,5.89,missing,n,d,a,z,x,y,0
3.42,4.13,3.1,missing,missing,g,u,f,x,missing,1
11.21,7.82,22.72,missing,y,d,a,f,x,missing,0
9.84,7.48,18.14,missing,w,d,missing,f,x,missing,0
10.14,8.13,22.75,n,missing,missing,u,r,x,missing,1
4.0,6.56,11.8,missing,y,d,u,f,x,missing,0
6.4,6.25,11.17,missing,y,d,u,f,f,missing,1
11.36,6.55,20.99,missing,missing,d,a,f,missing,missing,0
7.92,6.08,10.1,missing,missing,d,a,f,x,missing,1
4.44,5.82,6.98,missing,r,l,a,f,x,missing,0
17.19,7.65,27.18,missing,missing,d,a,f,f,missing,1
1.61,7.55,2.83,missing,y,missing,a,f,c,missing,1
3.96,3.2,5.26,missing,n,d,a,f,s,missing,1
6.24,5.04,5.87,missing,missing,d,u,r,missing,y,0
3.57,5.8,6.03,missing,u,l,u,f,f,s,1
6.97,6.3,10.72,missing,w,d,a,f,f,i,0
50.49,10.27,49.03,missing,y,d,u,f,o,k,0
4.21,5.6,7.66,missing,r,missing,a,f,x,missing,0
1.26,5.12,1.43,missing,w,missing,u,f,c,missing,0
8.64,6.3,11.96,missing,y,h,a,f,x,s,0
10.33,11.32,17.02,missing,w,d,a,g,f,missing,1
0.64,0.0,0.0,missing,missing,d,a,f,o,f,1
1.68,2.89,1.31,missing,w,l,a,f,x,missing,1
2.72,5.98,3.0,missing,n,d,u,f,b,missing,0
8.75,9.08,18.2,missing,p,l,a,l,missing,missing,0
3.2,5.45,6.95,missing,w,g,a,f,s,missing,1
18.06,8.52,26.54,missing,w,l,a,f,f,missing,0
11.43,10.36,27.51,missing,w,d,u,f,x,missing,1
7.76,7.04,15.02,missing,w,g,a,f,x,missing,0
4.31,5.39,6.08,missing,y,g,missing,f,b,t,1
12.86,6.83,23.35,missing,missing,d,u,f,s,missing,0
14.33,2.69,17.86,missing,y,d,missing,f,f,missing,0
4.52,5.96,6.56,missing,r,d,u,f,x,missing,0
10.63,11.21,14.54,missing,w,missing,missing,p,x,missing,1
6.22,6.46,12.09,missing,y,d,a,f,x,i,0
11.44,9.32,33.27,missing,e,d,missing,f,x,missing,0
5.04,2.97,12.35,missing,w,d,a,f,missing,missing,1
2.17,5.84,2.92,missing,n,g,a,f,b,missing,1
7.39,11.92,14.16,missing,y,d,u,missing,x,y,1
2.4,1.91,2.37,missing,n,missing,u,f,x,missing,1
3.8,6.09,8.18,missing,o,d,a,f,f,t,1
13.35,8.5,26.27,missing,w,d,a,f,f,missing,0
6.69,7.34,12.0,missing,y,d,u,missing,x,missing,0
17.45,7.03,52.43,missing,y,d,missing,f,missing,missing,0
5.53,5.59,8.91,missing,o,d,missing,f,f,missing,0
9.98,8.64,22.23,missing,y,d,a,f,x,missing,0
3.3,6.63,7.26,missing,f,d,a,f,s,missing,0
4.42,7.09,8.83,missing,missing,l,u,f,x,missing,0
9.75,9.6,21.51,missing,n,d,a,f,x,missing,1
1.32,4.17,1.54,missing,n,d,a,f,b,t,1
1.85,3.19,1.56,missing,w,d,u,f,missing,missing,1
11.19,8.34,26.48,missing,o,missing,u,f,x,missing,1
3.77,4.94,14.57,missing,f,d,a,f,s,missing,0
14.41,9.39,31.53,missing,missing,d,missing,f,x,missing,1
10.15,13.32,16.65,missing,n,d,a,f,x,missing,1
7.43,10.63,14.24,missing,missing,d,a,f,f,i,0
2.39,3.85,2.4,missing,g,missing,w,missing,x,missing,0
3.49,7.17,7.48,missing,n,d,a,f,f,s,0
6.4,3.53,10.27,missing,w,g,u,f,s,missing,0
8.09,6.83,16.0,missing,y,d,missing,missing,missing,missing,0
6.88,4.72,7.65,missing,w,h,a,f,s,s,1
5.37,5.88,8.93,missing,w,missing,a,f,f,missing,1
6.1,5.33,12.0,missing,o,g,w,f,f,missing,1
7.6,7.01,13.49,missing,y,d,u,f,x,missing,1
7.81,15.16,18.13,missing,missing,d,a,f,missing,missing,1
9.83,12.15,21.94,missing,w,d,u,g,x,missing,0
6.61,12.06,11.95,missing,missing,d,missing,f,c,s,0
5.06,5.26,5.36,missing,w,d,a,f,s,missing,1
3.06,6.28,6.71,missing,f,d,a,f,s,missing,0
1.03,3.35,1.58,missing,g,d,u,f,missing,missing,0
6.1,6.43,10.38,missing,missing,l,a,f,f,s,0
5.07,2.87,7.67,missing,n,d,a,f,x,missing,1
4.61,8.57,11.46,missing,missing,g,w,z,b,missing,1
4.38,5.6,6.24,k,n,d,u,f,f,missing,0
5.84,6.05,9.71,missing,w,d,a,g,x,missing,0
6.21,6.71,10.39,missing,w,l,u,missing,f,i,1
4.49,13.19,6.66,k,n,g,u,missing,b,missing,1
2.4,3.86,2.41,missing,g,m,missing,e,p,t,0
5.16,9.32,12.56,missing,g,missing,u,z,p,s,1
8.7,8.68,12.95,missing,y,missing,a,f,f,t,0
5.04,6.07,7.75,missing,o,d,w,missing,x,t,0
16.39,5.42,18.04,w,missing,d,w,f,f,missing,0
5.34,5.77,8.46,missing,missing,d,missing,f,f,missing,1
6.12,7.15,10.48,missing,w,missing,a,f,missing,s,0
6.96,8.21,7.78,k,k,g,u,z,x,i,1
11.96,9.32,29.41,missing,p,d,a,f,x,missing,1
2.84,5.86,3.21,missing,n,g,missing,f,b,missing,1
8.17,6.19,10.19,missing,missing,m,missing,f,f,i,0
4.12,6.0,5.52,missing,missing,d,missing,r,x,s,0
8.94,8.33,18.74,missing,y,d,missing,p,x,missing,0
1.34,5.31,0.88,missing,w,d,u,f,c,missing,0
5.64,5.96,9.31,missing,r,d,missing,f,c,missing,1
8.45,10.55,17.33,missing,w,missing,u,missing,x,missing,0
7.97,7.13,15.65,missing,y,d,a,f,f,missing,1
5.93,5.02,17.35,missing,w,d,u,f,x,missing,1
2.94,3.14,5.04,missing,w,m,w,f,f,missing,0
3.71,5.56,7.43,missing,o,d,missing,f,f,t,0
6.79,5.8,12.19,missing,r,d,u,f,x,missing,0
10.38,6.46,20.92,missing,y,missing,a,f,x,missing,1
7.87,7.86,24.21,w,w,d,u,f,x,missing,1
8.45,7.28,16.61,missing,g,m,u,missing,p,missing,0
12.25,5.71,15.87,missing,n,h,u,f,f,missing,1
10.14,8.1,22.51,missing,y,d,u,f,x,missing,0
3.35,10.93,6.55,k,k,g,missing,missing,b,missing,0
9.01,5.28,26.84,missing,y,d,a,f,missing,k,1
0.74,4.73,1.01,missing,missing,g,u,f,x,missing,0
3.74,4.32,3.57,missing,p,missing,u,f,f,missing,1
3.77,7.41,5.0,missing,w,d,w,f,x,missing,0
7.76,5.59,14.92,missing,missing,d,a,f,missing,missing,1
0.83,5.21,1.05,missing,missing,missing,missing,f,x,missing,1
3.19,4.89,6.6,missing,y,m,missing,f,f,t,0
4.01,3.3,5.55,missing,w,m,w,f,f,missing,0
10.23,5.41,24.48,missing,y,d,a,missing,s,missing,1
1.78,3.37,1.46,missing,n,d,missing,f,o,missing,1
6.88,4.77,10.07,missing,p,d,a,missing,x,y,0
6.84,5.84,12.32,missing,missing,d,a,missing,f,missing,0
7.79,6.84,12.85,missing,w,d,a,f,p,missing,0
5.29,5.63,4.87,missing,n,d,u,l,x,t,0
6.24,6.26,10.75,missing,w,missing,a,missing,x,s,0
11.06,8.18,23.3,missing,b,d,a,f,f,missing,0
7.76,9.55,13.02,missing,y,d,a,f,f,t,0
10.27,6.44,12.07,missing,missing,g,u,e,f,s,0
4.39,7.97,8.58,missing,w,d,s,missing,x,missing,0
5.29,5.08,5.91,missing,y,g,a,f,missing,missing,1
4.32,4.37,9.31,missing,missing,d,a,f,f,s,0
2.35,9.06,2.41,missing,n,g,u,f,b,missing,1
2.89,2.34,6.81,missing,w,missing,u,f,f,missing,1
13.28,10.91,28.59,missing,g,m,a,r,missing,missing,0
4.15,5.42,4.93,missing,y,d,w,f,x,s,0
6.54,6.57,11.7,missing,b,d,w,missing,s,missing,0
2.54,3.68,2.65,missing,w,g,u,f,s,h,0
4.79,6.85,7.87,missing,r,d,missing,f,c,missing,1
7.51,5.46,14.2,missing,w,d,missing,f,s,missing,0
7.54,7.69,21.38,missing,w,d,missing,f,x,s,0
9.34,9.89,19.0,missing,missing,d,a,f,x,missing,1
7.64,6.97,14.66,missing,w,d,a,f,x,missing,0
4.09,5.51,5.61,missing,missing,d,missing,r,x,y,0
2.77,5.53,3.08,missing,n,g,s,f,b,missing,0
7.26,7.82,13.63,missing,w,missing,a,l,x,missing,1
0.64,4.64,1.07,missing,missing,g,u,f,x,missing,1
6.76,6.53,12.16,missing,missing,g,u,f,x,s,0
2.62,3.81,2.34,missing,missing,g,u,f,s,h,1
13.6,5.88,35.45,missing,y,d,a,f,s,k,1
6.73,4.45,11.95,missing,o,d,a,f,missing,missing,1
4.05,9.43,5.63,missing,n,missing,w,missing,b,missing,1
7.31,7.49,15.81,missing,p,d,u,f,s,missing,1
4.77,7.33,7.17,k,n,d,missing,f,f,s,0
0.97,2.82,1.34,missing,w,missing,missing,f,x,missing,1
9.74,6.81,21.28,missing,missing,d,s,f,p,missing,0
9.89,9.01,17.81,missing,missing,d,a,p,x,y,0
6.32,6.35,11.17,missing,w,u,missing,e,f,s,1
8.85,8.78,12.97,w,missing,d,a,missing,x,missing,0
10.29,9.48,16.82,missing,missing,d,missing,f,s,missing,1
5.56,5.89,8.99,missing,missing,l,w,f,f,s,0
11.21,8.43,25.3,missing,n,d,u,f,f,missing,0
7.86,6.56,17.68,missing,w,d,a,f,x,missing,1
10.46,4.83,23.5,missing,w,d,a,f,s,missing,0
8.38,7.8,20.05,missing,b,d,a,f,f,missing,0
7.08,13.78,13.34,missing,w,d,a,l,missing,missing,1
7.55,6.97,18.32,missing,missing,d,a,f,f,s,0
3.61,4.21,10.0,missing,missing,missing,a,f,missing,missing,0
3.51,5.2,6.13,missing,e,missing,a,missing,x,missing,1
9.94,11.46,17.26,missing,w,d,u,g,x,missing,1
3.03,4.39,9.74,missing,e,d,a,f,x,missing,0
7.47,8.58,14.26,missing,n,d,a,f,f,t,0
10.38,5.62,23.34,missing,f,d,missing,missing,p,missing,0
3.08,4.35,3.6,missing,n,d,u,f,b,missing,1
0.82,3.32,0.78,missing,missing,d,u,missing,x,missing,1
7.69,7.48,8.17,missing,n,d,u,z,x,i,1
7.08,7.01,14.81,missing,w,d,u,f,missing,missing,0
6.78,3.51,12.0,missing,missing,d,a,f,x,missing,1
6.68,7.6,17.71,missing,w,d,missing,f,x,s,0
9.56,7.39,17.52,missing,w,d,u,g,x,missing,1
7.14,4.27,13.04,missing,w,d,missing,f,x,missing,0
6.24,6.3,10.74,missing,w,l,missing,f,f,i,0
1.36,3.38,1.45,missing,n,d,u,f,o,missing,1
8.35,8.07,16.88,missing,y,d,u,f,x,missing,0
8.95,10.24,18.9,missing,g,m,u,l,x,missing,0
2.58,4.92,5.11,missing,w,d,w,f,x,missing,0
8.62,7.44,17.68,missing,p,d,a,l,p,y,0
5.7,3.84,9.22,missing,w,d,u,f,b,s,0
1.4,3.83,2.25,missing,w,missing,u,f,x,t,0
7.54,5.53,12.03,missing,missing,d,missing,missing,x,missing,0
0.64,0.0,0.0,missing,f,d,w,f,o,f,1
10.01,5.41,21.51,missing,b,d,missing,f,f,missing,1
7.35,4.03,13.63,missing,missing,d,missing,f,x,missing,0
7.21,6.14,10.32,missing,w,d,u,f,x,y,0
13.92,9.66,37.26,missing,y,d,a,f,f,missing,1
9.2,6.19,20.15,missing,missing,d,u,f,x,missing,0
7.15,4.44,10.76,missing,o,d,u,f,s,missing,1
10.84,8.43,25.22,missing,missing,d,a,f,missing,missing,0
3.65,3.96,7.09,missing,e,g,w,missing,x,missing,0
5.96,5.19,12.73,missing,n,missing,a,e,f,missing,0
7.35,3.38,7.79,missing,w,g,missing,f,x,missing,0
7.1,25.38,13.64,missing,w,d,u,e,f,s,1
4.33,4.96,3.49,missing,missing,d,s,f,b,s,0
2.94,6.08,4.82,missing,g,d,a,f,b,s,1
4.68,3.73,6.83,missing,o,missing,a,f,s,missing,1
7.1,7.77,14.89,missing,y,d,u,missing,x,missing,0
9.14,11.26,19.57,missing,missing,d,u,g,f,missing,0
6.43,7.23,11.28,missing,w,l,missing,f,f,s,0
3.65,5.31,5.69,missing,u,d,u,missing,b,s,1
5.17,6.54,5.1,missing,n,l,u,f,f,missing,1
9.78,8.11,22.52,missing,b,g,u,f,s,missing,1
3.94,5.27,5.3,missing,n,d,missing,r,x,s,1
5.39,5.8,8.58,missing,y,g,missing,f,x,g,1
4.68,6.05,6.92,k,n,d,a,f,x,s,0
4.41,4.01,6.25,missing,e,missing,u,f,x,missing,0
3.26,5.34,6.55,k,missing,missing,a,f,x,s,0
7.5,10.69,14.43,missing,w,d,missing,g,f,missing,1
6.65,4.45,11.72,missing,g,d,u,missing,s,t,1
8.29,10.11,17.04,missing,w,d,u,missing,f,i,0
2.63,0.0,0.0,missing,f,d,a,missing,o,f,1
6.8,5.24,12.18,missing,o,d,u,missing,s,missing,0
4.48,6.78,5.29,missing,p,missing,a,f,b,i,1
9.48,6.73,13.55,missing,o,m,a,f,x,missing,0
11.69,13.12,28.68,missing,g,d,u,f,x,y,0
19.68,7.86,39.11,missing,missing,d,a,f,s,k,1
3.37,3.98,6.12,missing,w,missing,a,f,x,missing,0
10.22,6.01,20.13,missing,n,d,a,f,s,missing,0
1.63,5.52,1.54,missing,w,missing,a,f,c,missing,0
9.37,7.79,20.12,missing,b,missing,missing,f,f,missing,1
15.59,7.38,18.12,missing,w,missing,a,missing,x,missing,0
5.96,8.41,17.5,missing,n,d,a,missing,x,missing,1
5.77,7.7,9.59,missing,missing,d,a,missing,missing,i,0
6.64,6.38,11.82,missing,y,h,u,f,x,s,0
1.35,4.47,2.28,missing,g,d,u,f,f,missing,0
5.08,4.01,11.58,missing,n,missing,a,r,f,missing,0
8.93,6.29,29.82,missing,w,missing,s,f,f,missing,0
3.27,5.35,6.58,k,n,d,u,f,missing,s,0
8.47,6.68,10.98,missing,w,missing,u,missing,f,i,0
1.86,7.68,2.65,missing,w,h,u,f,x,t,0
5.7,6.33,9.33,missing,missing,l,a,f,missing,s,0
2.52,4.94,2.64,missing,missing,g,s,f,x,missing,0
4.11,5.17,29.65,missing,f,p,missing,f,missing,g,1
2.92,7.02,5.38,missing,missing,d,w,f,x,missing,0
4.76,6.12,7.11,missing,f,d,a,f,s,missing,0
9.27,6.85,19.7,missing,missing,missing,a,f,f,missing,0
6.14,6.96,10.5,missing,w,d,missing,f,x,i,0
7.38,3.25,6.79,missing,o,h,u,f,s,missing,1
4.23,3.78,5.85,missing,f,d,u,f,o,g,1
9.53,7.56,18.59,missing,missing,d,w,f,x,missing,0
11.89,7.1,16.58,missing,missing,d,u,f,x,i,1
5.6,5.91,9.1,missing,y,d,missing,f,f,missing,1
16.37,18.21,18.8,missing,missing,d,w,g,f,y,1
9.98,8.06,22.17,missing,n,d,u,f,x,missing,0
7.63,8.43,14.72,missing,w,d,missing,f,p,missing,0
1.44,4.8,2.6,missing,g,g,a,f,x,missing,0
7.16,6.73,13.26,missing,w,d,u,g,x,missing,0
6.78,5.1,10.9,missing,missing,d,a,f,missing,missing,0
4.83,11.89,11.44,missing,missing,d,u,missing,c,missing,0
7.11,4.09,12.94,missing,w,missing,a,f,x,missing,0
3.89,5.68,7.9,missing,missing,missing,s,missing,x,missing,0
6.51,7.34,16.63,missing,y,d,missing,f,x,i,1
2.72,2.87,2.92,missing,missing,h,missing,f,missing,s,1
5.29,0.97,10.26,missing,y,d,w,f,o,missing,1
5.98,6.12,10.05,missing,n,d,missing,missing,x,missing,0
8.89,5.9,17.42,missing,o,d,a,f,s,missing,0
5.11,12.3,10.39,missing,w,missing,u,f,x,s,1
6.72,6.96,14.42,missing,missing,g,a,z,p,s,1
9.4,3.72,19.81,missing,missing,d,u,f,s,missing,0
0.83,2.55,1.51,missing,g,d,u,f,p,missing,0
4.62,5.78,6.77,missing,g,missing,u,f,b,s,1
9.23,6.68,17.44,missing,w,missing,missing,f,s,missing,0
1.19,3.25,5.46,missing,f,d,a,f,x,missing,1
3.79,4.98,6.36,missing,missing,missing,a,f,f,s,1
12.85,10.22,17.52,w,w,d,w,missing,f,i,0
0.61,4.96,0.93,missing,missing,d,missing,f,c,missing,0
2.53,3.55,2.63,missing,w,g,a,f,b,missing,0
3.71,3.64,8.47,missing,o,d,a,f,x,missing,0
10.61,10.78,18.21,missing,missing,d,a,g,x,missing,0
8.58,9.8,17.68,missing,missing,d,missing,g,f,missing,0
5.36,4.01,8.42,missing,o,d,a,f,x,missing,0
4.71,4.42,6.92,missing,p,g,a,e,x,missing,0
1.94,3.3,1.69,missing,missing,d,w,f,p,missing,0
2.42,6.47,3.08,missing,missing,g,s,f,b,missing,1
7.28,6.8,13.62,missing,missing,d,a,f,x,missing,0
2.12,4.13,2.97,p,missing,g,u,f,x,missing,1
6.36,6.7,12.95,missing,y,d,u,missing,x,missing,0
5.37,5.85,8.78,k,n,g,u,z,x,i,1
2.66,4.05,2.85,missing,k,d,u,f,b,missing,0
5.97,4.98,8.34,missing,missing,d,u,f,f,missing,0
2.33,4.6,2.31,missing,g,g,w,f,x,missing,0
5.38,6.77,8.58,missing,missing,missing,a,f,missing,missing,0
4.2,5.47,6.79,missing,missing,d,u,r,x,y,0
1.44,5.24,1.86,missing,w,h,u,f,x,t,0
4.51,6.21,5.53,missing,u,d,a,f,missing,s,1
1.14,5.65,1.07,missing,p,h,a,f,c,missing,0
8.59,7.99,21.39,missing,missing,d,missing,missing,o,missing,0
5.7,4.61,9.27,missing,missing,d,a,f,x,missing,1
8.3,10.49,16.84,missing,w,d,a,g,x,missing,0
9.79,5.56,21.31,missing,k,d,missing,f,f,missing,1
6.9,7.66,12.58,missing,w,d,missing,f,s,missing,0
3.27,8.12,4.03,missing,p,missing,a,f,f,i,0
10.66,11.96,24.83,missing,g,d,u,f,x,y,0
5.01,4.84,7.63,missing,f,l,s,f,p,missing,0
4.12,4.37,9.71,missing,o,missing,a,f,x,missing,1
6.37,2.11,10.76,missing,y,d,a,f,f,missing,0
1.75,3.94,2.49,p,w,g,u,f,f,missing,0
3.71,6.66,4.86,missing,n,d,u,missing,x,t,0
6.93,6.62,12.62,missing,k,u,u,missing,p,s,0
9.29,3.44,19.41,missing,w,d,u,f,s,missing,0
4.7,8.21,8.6,missing,n,g,s,missing,x,missing,0
1.74,5.07,1.42,missing,w,d,a,f,c,missing,0
7.92,9.62,33.7,missing,w,d,a,f,x,missing,1
2.23,5.98,2.86,missing,n,g,missing,missing,b,missing,0
6.87,5.79,13.25,missing,w,d,missing,missing,x,missing,0
2.25,4.13,2.61,missing,w,g,a,f,missing,missing,1
2.9,4.23,3.28,missing,w,g,a,f,b,missing,0
7.05,8.39,16.26,missing,y,d,a,f,x,missing,0
8.82,4.72,18.09,missing,f,d,s,f,p,missing,0
7.95,7.74,15.64,missing,p,d,a,f,missing,missing,1
4.42,5.09,10.34,missing,missing,d,u,f,x,missing,1
4.14,7.25,7.29,missing,y,d,w,f,x,k,0
1.54,5.58,1.61,missing,n,missing,u,f,b,t,1
11.77,9.52,28.74,missing,p,d,missing,f,x,missing,1
4.1,6.16,5.65,missing,w,d,w,f,x,s,0
9.34,6.38,11.71,missing,w,d,a,f,x,i,1
2.72,4.46,6.13,missing,o,g,w,f,x,missing,0
3.69,4.52,10.17,missing,y,d,a,f,x,missing,0
8.17,5.58,8.0,missing,w,d,a,f,f,g,1
2.21,7.02,2.16,missing,n,missing,missing,f,f,missing,1
8.61,1.55,14.62,missing,y,missing,missing,f,o,missing,1
6.25,6.27,10.78,missing,y,d,a,f,f,t,0
9.68,6.45,21.04,missing,missing,d,missing,f,o,k,0
9.99,6.78,22.12,w,missing,missing,u,f,missing,missing,0
4.28,6.94,5.03,missing,y,d,missing,f,x,k,0
10.91,4.57,25.03,missing,w,d,w,e,f,missing,0
9.65,5.95,23.22,missing,p,d,missing,f,s,missing,0
3.94,3.98,2.67,missing,g,d,s,f,f,s,0
7.4,11.24,14.16,missing,w,d,a,e,f,missing,1
5.31,5.3,8.37,missing,missing,missing,a,missing,s,missing,1
3.55,4.23,4.48,missing,w,d,missing,f,x,s,0
3.33,4.41,2.45,missing,p,g,u,f,x,h,1
6.48,6.07,19.82,missing,g,g,a,f,x,missing,0
6.08,4.53,10.24,missing,e,d,missing,f,x,missing,0
3.09,4.36,3.62,missing,g,d,a,f,b,s,0
8.46,5.02,16.98,missing,w,d,u,f,missing,missing,0
6.32,6.3,10.96,missing,p,d,missing,f,x,y,0
8.09,6.68,16.0,missing,n,missing,missing,f,x,missing,1
4.65,6.42,6.83,missing,missing,d,s,r,x,s,0
7.52,8.08,8.58,k,n,g,missing,z,x,i,1
8.85,9.22,18.53,missing,p,l,a,p,p,y,0
5.82,4.75,9.41,missing,y,missing,missing,f,x,missing,0
8.12,7.97,15.43,missing,w,d,a,f,f,s,0
49.55,9.13,35.62,missing,missing,d,u,missing,o,k,0
4.37,3.48,6.14,missing,missing,missing,a,f,x,missing,1
6.29,6.24,10.64,missing,w,l,missing,f,f,s,0
1.43,3.76,2.13,missing,g,missing,w,f,x,missing,0
9.82,8.21,16.58,w,w,d,w,missing,f,i,0
6.4,5.67,10.43,missing,missing,d,missing,g,x,missing,0
7.98,3.53,9.17,missing,p,g,missing,missing,missing,missing,0
15.79,7.16,44.9,g,f,l,u,f,s,missing,0
5.84,6.05,9.71,missing,w,l,w,f,missing,s,0
4.07,4.17,3.24,missing,w,missing,u,f,f,i,1
2.82,3.98,3.13,p,p,g,a,missing,x,missing,1
6.26,6.27,10.8,missing,e,d,a,f,x,missing,0
4.57,4.24,6.61,missing,w,h,missing,f,missing,s,0
2.9,6.32,4.58,missing,u,missing,u,missing,b,s,1
6.52,6.28,13.66,missing,w,missing,a,g,x,missing,0
8.73,6.28,22.47,missing,y,missing,u,f,x,missing,0
7.84,6.46,11.94,missing,n,w,missing,l,f,missing,0
9.65,7.79,25.35,missing,w,missing,missing,e,f,missing,0
10.46,8.76,20.48,missing,g,m,u,r,missing,missing,0
4.44,5.21,7.65,missing,missing,missing,a,f,s,missing,0
6.58,3.35,11.44,missing,w,missing,a,f,x,missing,1
6.74,9.26,12.21,missing,n,d,a,f,f,i,0
11.29,8.81,26.88,missing,w,d,w,e,x,missing,0
7.79,6.31,16.52,missing,w,d,u,f,s,missing,0
7.87,6.87,13.1,missing,y,d,u,f,f,missing,1
12.52,2.61,16.92,missing,w,d,w,f,f,missing,0
1.45,3.44,1.55,missing,w,missing,u,f,missing,missing,0
4.76,3.48,7.0,missing,y,d,a,missing,f,missing,0
6.71,7.42,8.98,missing,r,d,missing,f,c,missing,1
3.56,4.7,11.16,missing,n,d,missing,f,x,missing,0
13.67,7.57,19.21,missing,missing,missing,a,r,p,missing,0
4.64,4.95,6.1,missing,missing,d,missing,missing,f,i,1
2.58,4.43,2.73,p,w,g,a,f,x,missing,1
5.72,5.07,9.95,missing,g,d,a,f,f,s,0
4.03,6.13,3.82,missing,u,d,a,f,missing,missing,0
10.15,8.53,22.79,missing,n,d,missing,f,missing,missing,0
4.58,7.75,59.97,g,f,l,u,f,s,missing,0
5.67,6.77,13.23,missing,y,d,a,f,x,missing,0
8.43,10.05,12.93,missing,n,d,a,f,x,missing,1
52.59,5.6,38.84,missing,missing,d,s,f,o,k,0
5.8,6.75,4.8,missing,n,d,a,l,x,t,0
1.38,3.58,0.91,missing,p,d,a,f,x,s,1
4.33,2.8,4.02,missing,missing,d,u,f,s,k,1
5.78,5.53,9.57,missing,w,l,a,f,f,missing,1
8.6,9.86,17.75,missing,n,m,u,l,missing,missing,0
7.05,8.95,13.08,missing,missing,d,a,f,f,i,0
7.02,5.94,13.32,missing,p,missing,missing,e,f,missing,0
18.2,31.8,22.39,missing,w,d,a,m,f,missing,0
4.11,4.56,10.75,missing,n,d,a,f,x,missing,0
3.24,5.07,9.54,missing,missing,d,missing,f,x,missing,0
10.12,9.38,22.75,missing,y,d,u,f,x,missing,0
2.13,3.92,2.63,p,missing,g,a,missing,x,missing,1
7.34,5.39,13.71,missing,w,d,a,f,f,s,0
1.02,3.13,1.52,missing,g,d,a,f,b,missing,0
5.29,6.49,8.37,missing,g,d,a,e,x,y,1
4.48,4.12,6.4,missing,w,m,w,f,f,missing,0
8.51,11.47,17.54,missing,missing,d,a,e,x,missing,1
3.56,4.68,4.52,missing,u,d,missing,f,x,missing,0
7.47,9.16,14.29,missing,w,d,w,missing,x,i,0
2.58,2.91,6.97,missing,w,missing,a,f,s,missing,1
4.65,2.78,5.81,missing,missing,d,u,missing,f,k,1
7.05,10.76,13.95,missing,missing,missing,a,p,x,missing,1
7.38,6.18,18.23,missing,b,l,w,f,f,missing,0
8.4,9.74,9.69,missing,w,h,u,f,f,i,0
3.91,6.35,5.09,missing,e,missing,u,f,missing,missing,1
8.42,6.65,16.99,missing,p,d,a,f,x,i,0
1.25,4.58,1.23,missing,g,missing,a,missing,missing,missing,0
10.35,8.72,15.62,w,missing,d,w,missing,f,i,0
27.6,26.0,102.48,missing,w,d,missing,f,p,missing,0
10.56,7.88,24.16,missing,e,missing,missing,f,x,missing,1
2.54,5.3,2.68,missing,g,d,missing,f,f,missing,0
6.31,13.28,13.6,missing,w,d,a,f,x,s,0
7.1,7.51,13.15,missing,y,d,missing,f,x,missing,0
11.18,6.43,13.86,missing,missing,missing,u,f,s,missing,1
4.54,5.63,6.94,missing,y,g,u,f,x,g,1
4.51,5.12,3.09,missing,g,d,s,f,f,s,0
17.24,11.74,64.39,missing,y,d,a,f,x,missing,0
5.95,5.19,9.93,missing,g,missing,missing,f,f,s,0
5.72,5.29,10.51,missing,p,d,missing,f,x,y,0
3.5,8.45,4.48,missing,p,missing,a,missing,f,i,0
7.76,7.03,15.02,missing,n,missing,missing,f,x,missing,1
7.7,17.66,12.12,missing,p,g,w,e,p,s,0
5.28,4.78,4.98,missing,n,d,w,l,x,t,0
2.86,3.48,5.96,missing,missing,d,a,f,s,missing,1
5.04,4.23,7.67,missing,y,d,a,f,x,missing,0
2.06,5.21,1.91,missing,g,d,missing,f,b,missing,1
14.38,7.03,38.82,missing,y,d,missing,f,o,k,0
8.25,14.7,16.88,missing,missing,d,a,f,b,missing,1
3.62,10.19,7.29,k,k,g,a,missing,b,missing,1
6.74,6.72,12.52,missing,p,g,s,f,c,missing,1
6.33,5.24,9.32,missing,w,d,u,f,x,y,1
5.6,5.68,9.07,missing,n,d,a,f,f,s,0
3.07,5.9,3.62,missing,w,d,a,r,x,missing,1
4.78,5.75,33.4,missing,f,d,u,f,o,g,1
4.49,5.12,6.46,missing,y,d,missing,missing,x,i,0
4.51,6.69,6.56,missing,w,d,u,r,x,s,0
2.88,4.18,3.23,missing,missing,g,u,f,f,missing,1
10.62,8.21,20.56,missing,e,d,u,f,x,missing,1
8.56,10.41,17.66,missing,missing,missing,a,f,f,i,1
9.75,22.18,12.62,missing,w,u,u,e,f,s,0
5.55,11.18,11.66,missing,w,d,a,f,x,s,0
9.91,8.36,21.95,missing,b,missing,a,f,missing,missing,0
5.18,4.65,8.02,missing,g,d,u,f,f,missing,0
2.83,4.06,3.14,missing,p,g,u,missing,x,missing,1
11.56,5.21,25.68,missing,w,d,missing,f,x,missing,1
15.01,10.46,17.88,missing,w,d,a,missing,x,missing,0
5.97,6.15,10.21,missing,w,d,u,f,f,s,0
4.4,5.63,4.14,missing,g,d,u,missing,f,s,1
4.6,0.0,0.0,n,w,d,a,f,o,f,1
8.34,9.48,16.91,missing,missing,g,missing,missing,x,missing,0
3.12,5.27,6.31,missing,w,g,missing,f,x,missing,1
8.28,7.0,14.94,missing,w,g,u,f,p,missing,0
8.56,4.55,15.2,missing,w,missing,a,f,f,missing,0
5.2,7.46,8.18,missing,missing,d,missing,f,x,missing,1
21.33,15.49,69.72,missing,missing,d,a,f,x,missing,0
6.76,6.53,12.16,missing,k,m,u,e,f,missing,0
3.9,5.51,4.65,missing,n,missing,missing,f,f,missing,1
9.06,7.33,16.54,missing,y,d,a,p,missing,missing,0
3.71,4.45,5.36,missing,p,missing,a,f,s,missing,1
10.31,4.95,19.94,missing,b,d,a,f,f,missing,0
10.76,8.39,24.93,missing,y,d,a,f,x,missing,0
2.88,7.22,3.35,missing,n,missing,s,f,missing,missing,1
4.99,3.72,7.53,missing,w,g,w,f,f,missing,0
7.05,6.27,18.36,missing,w,missing,a,f,x,missing,0
9.45,9.71,19.11,missing,missing,d,a,f,p,missing,1
4.47,5.25,6.42,missing,o,missing,u,f,x,missing,0
11.74,5.3,16.94,missing,o,d,u,f,s,missing,0
4.26,5.0,2.98,missing,w,g,a,f,b,missing,0
2.32,4.34,2.3,missing,missing,d,w,f,missing,missing,0
4.08,3.38,5.51,missing,missing,d,u,f,s,k,1
14.17,9.63,18.51,missing,missing,missing,a,l,x,missing,0
4.94,7.94,7.57,r,missing,d,a,z,x,missing,1
4.61,0.0,0.0,missing,w,d,u,f,o,f,0
6.06,3.94,6.58,missing,y,d,missing,f,x,missing,0
11.77,6.65,23.5,missing,w,d,a,missing,s,missing,0
6.64,6.57,50.68,g,f,d,w,f,missing,missing,0
4.23,6.23,7.25,missing,missing,d,missing,f,x,t,0
4.95,5.46,7.51,missing,r,l,u,f,x,missing,1
8.72,6.85,14.11,missing,o,d,a,f,missing,missing,1
7.3,11.5,24.39,missing,g,d,u,missing,x,y,0
10.79,8.3,25.02,missing,w,l,w,f,f,missing,0
8.84,5.49,13.2,missing,o,d,missing,f,s,missing,1
6.17,6.53,10.56,missing,y,d,s,f,o,k,0
16.89,7.82,50.0,missing,f,missing,u,f,o,missing,0
9.47,7.3,20.42,missing,u,l,a,f,s,missing,0
10.66,6.27,24.79,missing,w,missing,missing,f,o,missing,0
6.73,5.54,12.02,missing,o,d,w,f,f,missing,0
5.21,5.52,8.14,missing,p,d,a,z,x,missing,1
8.53,10.9,17.6,missing,w,d,missing,g,f,missing,0
4.16,2.43,5.64,missing,o,d,u,f,s,missing,1
3.11,4.74,4.63,missing,missing,d,u,f,o,g,0
6.29,6.72,10.9,missing,r,d,a,f,x,missing,0
2.8,4.15,3.09,missing,p,missing,missing,f,s,i,0
6.61,5.52,11.68,missing,r,d,u,f,x,missing,0
10.28,6.57,12.79,missing,missing,d,a,f,f,missing,0
7.89,5.81,15.88,missing,y,missing,a,f,f,y,1
8.48,2.52,16.76,missing,missing,d,w,f,f,missing,0
8.47,7.37,17.2,missing,n,d,a,p,x,missing,0
11.15,5.33,19.45,missing,b,d,a,f,f,missing,0
17.33,10.89,52.55,missing,f,l,a,f,o,missing,0
2.9,5.47,11.84,missing,missing,d,missing,missing,x,missing,0
6.29,4.58,19.09,missing,f,l,s,f,o,missing,0
7.4,4.72,13.82,missing,p,missing,a,r,x,missing,0
4.69,6.49,3.78,missing,g,d,missing,f,f,missing,0
3.82,5.76,8.2,missing,r,l,u,f,missing,missing,0
9.88,7.91,18.58,missing,p,d,u,f,s,missing,1
2.44,7.98,2.6,missing,missing,m,s,e,missing,t,0
6.73,5.1,13.01,missing,n,m,a,e,f,missing,0
4.38,5.2,6.22,missing,w,d,a,f,s,missing,1
4.81,6.41,8.11,missing,missing,missing,u,f,x,missing,0
7.19,7.24,17.2,missing,w,d,missing,p,x,y,0
5.3,4.13,7.65,missing,w,d,a,f,f,missing,0
4.28,5.71,4.49,missing,p,g,missing,f,f,i,1
7.58,6.94,14.49,missing,missing,g,missing,e,p,missing,0
6.63,11.09,22.92,missing,g,d,u,f,x,y,1
4.72,4.24,11.99,missing,missing,missing,a,r,x,missing,0
8.34,6.52,16.75,missing,missing,d,a,f,f,missing,0
2.74,4.12,2.99,missing,w,g,a,missing,missing,missing,0
7.31,13.05,12.65,missing,w,d,u,f,c,s,0
2.99,5.32,3.46,missing,w,g,u,f,b,missing,1
6.09,6.43,14.2,missing,missing,d,a,f,x,missing,0
6.88,7.22,15.96,missing,k,d,a,f,p,missing,0
3.32,5.09,2.85,missing,missing,g,u,f,b,missing,0
45.64,2.18,16.58,missing,y,d,u,f,o,k,0
5.19,5.1,8.07,missing,n,d,missing,f,b,missing,1
3.42,5.69,6.08,missing,o,missing,w,f,f,t,0
7.69,3.34,8.4,missing,p,d,w,f,x,missing,0
4.64,6.04,7.12,missing,o,d,missing,f,x,t,1
1.71,4.84,2.43,missing,k,missing,s,f,x,missing,0
10.41,6.95,23.57,missing,f,d,missing,f,c,missing,0
6.83,4.87,10.58,missing,r,d,a,f,x,missing,0
3.18,3.12,6.84,missing,w,g,a,f,s,missing,1
10.31,10.81,23.51,missing,n,d,missing,f,x,missing,1
10.42,5.94,21.81,missing,n,missing,u,f,s,missing,1
14.61,9.21,17.06,missing,w,d,u,missing,x,missing,0
12.17,6.19,24.31,missing,y,d,a,f,s,missing,0
2.41,4.98,2.19,missing,missing,d,u,missing,b,s,1
2.9,5.29,7.08,missing,e,m,u,f,x,missing,1
4.76,5.77,7.1,missing,n,d,a,missing,f,i,1
12.59,5.06,17.69,missing,o,missing,a,f,s,missing,0
4.9,6.68,7.45,missing,missing,d,a,missing,s,missing,1
2.64,5.75,2.86,missing,g,missing,a,f,b,s,0
12.38,8.07,15.3,missing,w,missing,w,missing,f,i,0
8.95,4.43,18.45,missing,f,missing,s,f,c,missing,0
8.29,7.83,16.69,missing,w,d,u,f,x,missing,1
8.9,7.57,18.57,missing,p,d,a,l,x,y,0
6.84,6.58,12.38,missing,p,missing,u,e,p,missing,0
5.74,4.19,9.36,missing,p,d,u,f,x,y,0
4.67,4.96,6.85,k,missing,missing,missing,e,x,missing,1
4.54,5.74,6.59,missing,o,d,w,f,missing,t,1
10.28,8.19,23.21,missing,w,l,w,f,f,missing,0
6.73,5.32,12.0,missing,b,g,missing,f,f,missing,0
8.72,3.72,10.04,missing,p,g,a,f,x,missing,0
5.68,7.84,9.37,missing,f,d,missing,f,s,missing,1
4.71,4.08,6.9,missing,y,missing,u,f,s,missing,1
4.71,4.61,6.94,missing,w,d,u,f,f,missing,0
8.68,5.88,17.74,missing,o,d,u,f,missing,missing,0
4.7,7.55,6.12,missing,w,missing,a,f,x,k,0
2.85,5.12,4.39,missing,u,d,a,f,b,s,0
3.06,4.34,3.56,missing,p,h,u,f,f,i,0
4.01,4.43,5.41,missing,n,d,w,missing,missing,y,1
3.61,4.6,4.31,missing,missing,l,u,f,missing,missing,1
3.98,5.36,6.85,missing,p,d,missing,missing,f,missing,0
10.36,2.37,14.64,missing,w,d,a,f,f,missing,0
8.74,7.81,18.36,missing,missing,d,u,p,x,missing,1
7.16,8.97,13.39,missing,r,d,a,f,c,missing,1
2.19,5.07,4.14,missing,u,d,missing,f,x,missing,0
4.16,6.53,11.67,missing,missing,missing,a,r,x,missing,0
5.01,6.12,7.69,missing,missing,d,missing,f,f,t,0
7.05,6.89,12.98,missing,n,d,missing,f,x,missing,0
2.83,6.86,3.21,missing,k,d,s,f,b,missing,0
1.7,3.97,2.57,missing,p,l,u,f,f,i,0
5.52,8.64,9.01,missing,missing,g,missing,f,x,missing,1
3.92,4.59,10.83,missing,o,d,a,f,x,missing,0
7.13,7.1,15.31,missing,y,d,w,f,o,missing,1
2.44,3.89,2.48,missing,w,missing,a,f,missing,h,1
1.42,3.84,1.12,missing,n,g,s,f,b,t,1
3.49,4.1,6.39,missing,missing,missing,u,f,missing,missing,0
11.46,7.93,18.42,missing,missing,d,u,r,x,missing,1
6.78,9.54,12.35,missing,missing,g,a,z,b,s,1
6.96,7.0,15.15,missing,missing,d,u,f,x,missing,0
7.89,7.1,15.43,missing,missing,d,a,f,x,missing,0
8.28,5.76,16.51,missing,missing,missing,a,f,missing,missing,1
11.46,8.69,27.51,missing,y,d,u,f,x,missing,1
4.24,4.93,5.92,missing,y,m,a,f,b,t,1
7.22,13.41,13.72,missing,w,d,u,e,b,y,1
3.34,2.97,13.53,missing,missing,d,missing,f,o,missing,1
7.44,6.51,12.13,missing,w,d,a,missing,x,i,0
3.3,6.85,4.06,missing,n,d,a,f,x,missing,0
1.75,5.39,2.76,k,n,g,missing,f,x,s,1
8.89,8.14,21.06,missing,p,g,a,f,x,missing,0
11.71,16.47,16.1,missing,w,d,missing,g,f,missing,1
3.31,3.38,8.39,missing,w,g,u,f,f,missing,1
7.57,8.83,14.57,missing,w,d,a,f,x,missing,1
9.89,9.3,21.96,missing,missing,missing,u,missing,missing,missing,0
2.31,3.58,5.75,missing,n,d,u,f,f,missing,1
3.52,5.76,5.66,missing,y,missing,a,f,x,missing,1
2.5,6.45,2.63,missing,k,d,s,f,b,missing,0
3.63,6.29,6.98,k,k,d,u,f,f,s,0
4.66,5.37,6.86,missing,w,d,u,f,f,missing,1
8.5,8.28,23.55,missing,f,d,missing,f,o,g,1
1.59,5.27,1.93,missing,g,d,a,f,b,s,1
5.5,4.26,5.05,missing,n,d,s,r,x,y,0
0.64,0.0,0.0,missing,w,d,a,f,missing,f,1
8.33,8.96,16.87,missing,g,m,u,r,f,missing,0
5.72,5.98,9.39,missing,y,missing,missing,f,x,missing,0
8.36,7.06,15.28,w,w,d,w,missing,f,i,0
4.76,6.12,7.92,missing,y,missing,u,f,x,missing,1
8.98,7.8,18.83,missing,y,d,a,f,f,y,1
17.99,10.04,26.2,missing,w,l,w,missing,x,missing,0
4.89,8.22,7.47,missing,n,d,u,z,x,i,1
7.37,6.78,13.87,missing,missing,missing,u,f,x,missing,0
1.22,4.31,2.11,missing,k,g,a,f,f,missing,0
2.11,5.28,2.06,missing,g,d,a,f,b,s,0
8.24,4.31,21.51,missing,missing,d,a,f,o,missing,0
26.41,7.84,58.95,missing,y,missing,a,missing,x,missing,1
5.42,3.67,8.71,missing,w,d,u,f,x,y,0
4.99,7.62,48.61,g,missing,l,w,f,o,missing,0
6.81,6.52,12.28,missing,b,m,missing,f,missing,missing,0
2.36,8.68,2.42,k,k,g,a,f,b,missing,1
8.57,7.42,17.51,missing,p,d,a,p,x,y,0
8.03,7.58,15.87,missing,w,d,missing,p,x,y,1
2.6,3.33,5.51,missing,o,h,a,f,f,missing,1
5.84,6.05,9.71,missing,n,w,a,r,f,missing,0
7.66,3.47,10.3,missing,w,g,u,f,s,missing,1
3.94,6.58,5.33,missing,n,d,missing,l,x,missing,0
5.71,5.97,9.36,missing,w,d,a,f,f,missing,0
3.77,7.05,7.52,missing,f,d,a,f,s,missing,0
10.9,11.87,25.68,n,o,d,a,r,x,missing,1
5.24,5.9,11.99,missing,w,d,missing,g,x,missing,0
8.82,7.28,18.29,missing,b,d,w,f,s,missing,0
14.03,7.05,26.39,missing,w,d,a,f,s,missing,1
8.99,6.25,18.75,missing,missing,d,u,f,x,missing,0
1.68,4.84,1.34,missing,w,missing,missing,f,c,missing,0
3.14,5.28,4.87,missing,p,m,missing,f,f,i,1
3.45,3.56,6.07,missing,o,m,missing,f,x,missing,0
6.0,7.9,8.67,missing,w,d,a,f,x,missing,1
10.53,6.3,23.93,missing,e,d,u,f,x,missing,1
11.51,5.63,25.18,missing,missing,d,missing,f,s,missing,1
4.59,5.97,7.04,missing,r,d,a,f,missing,missing,1
3.0,5.73,7.95,missing,w,g,missing,f,f,missing,0
5.23,4.86,8.82,missing,w,g,a,f,f,i,0
5.84,6.05,9.71,missing,missing,d,a,f,f,y,1
4.65,10.72,6.99,k,n,g,w,missing,b,missing,1
5.49,8.37,10.26,missing,n,d,u,missing,x,missing,0
4.17,7.04,44.01,g,f,missing,u,f,s,missing,0
5.08,5.01,7.91,missing,w,d,a,f,f,missing,0
8.7,7.37,17.23,missing,w,d,missing,missing,f,i,0
5.07,6.02,6.56,missing,y,g,missing,f,x,g,1
19.98,5.19,27.8,missing,y,d,missing,f,missing,missing,1
6.94,1.69,14.66,missing,o,d,w,f,o,missing,1
2.63,5.29,2.83,missing,w,d,a,f,x,missing,0
5.8,6.78,9.62,p,w,d,a,f,x,i,1
5.11,2.61,5.74,missing,y,d,a,missing,s,missing,1
8.03,8.25,15.9,missing,w,missing,a,f,x,missing,1
6.45,8.81,11.4,missing,n,missing,a,f,f,i,0
5.21,6.3,8.17,missing,r,l,a,f,x,missing,0
12.24,9.1,31.34,missing,o,d,u,f,x,missing,1
4.99,6.51,7.66,missing,missing,d,a,f,x,t,0
5.07,5.22,7.08,missing,g,missing,u,f,b,missing,1
6.92,4.34,12.45,missing,o,d,missing,f,s,missing,1
10.92,7.67,25.43,missing,w,l,a,f,s,missing,0
11.02,7.12,16.02,missing,missing,d,u,g,f,y,1
5.33,6.77,8.47,missing,n,d,a,f,c,missing,1
2.37,1.91,2.31,missing,n,h,u,f,x,s,1
11.83,11.66,29.13,missing,w,missing,u,f,x,missing,1
6.53,6.41,11.51,missing,n,d,missing,missing,x,y,1
9.67,1.7,20.32,missing,y,missing,a,f,o,missing,1
8.12,7.19,13.22,missing,missing,missing,u,f,s,missing,1
4.51,10.61,5.72,missing,k,g,w,missing,b,missing,1
3.32,3.4,15.66,missing,f,d,a,f,o,g,1
6.66,8.62,11.08,missing,missing,d,missing,z,x,missing,1
7.57,4.41,14.28,missing,missing,missing,u,f,f,missing,0
13.76,10.81,24.64,missing,missing,d,u,f,x,missing,0
7.19,5.94,13.31,missing,missing,m,u,e,f,missing,0
4.79,8.21,7.25,k,k,d,s,z,b,missing,1
1.88,3.03,1.59,missing,g,d,a,missing,b,missing,0
7.81,11.83,11.37,missing,w,g,s,e,p,s,0
9.45,7.21,16.34,missing,g,m,a,l,missing,missing,0
8.04,6.79,15.84,missing,y,d,a,missing,x,missing,0
5.91,6.15,9.89,missing,w,d,a,g,x,missing,0
7.17,9.04,17.24,missing,w,d,missing,missing,x,missing,0
3.82,6.75,5.1,missing,u,d,u,f,x,missing,0
5.41,3.69,9.05,missing,p,missing,a,f,x,missing,1
9.4,6.89,17.07,missing,missing,d,u,p,x,missing,0
11.08,18.71,13.25,missing,missing,u,u,e,p,s,0
4.03,5.64,7.4,missing,n,d,a,e,x,y,1
13.97,5.0,36.77,missing,y,d,a,f,f,missing,1
6.38,5.94,8.21,missing,g,d,w,f,x,y,1
9.88,4.89,19.83,missing,b,missing,a,f,f,missing,0
12.61,7.4,16.97,missing,n,h,u,f,s,missing,0
9.93,6.89,22.54,missing,n,d,u,f,s,missing,0
6.92,9.68,12.74,missing,n,d,a,f,f,i,0
3.87,3.22,5.08,missing,y,m,a,f,x,missing,1
8.08,9.4,12.86,missing,y,d,a,f,f,i,0
3.42,4.0,4.78,missing,w,m,a,e,f,k,1
6.29,4.48,10.76,missing,y,d,a,f,x,missing,0
1.5,3.13,1.07,missing,o,g,a,f,x,missing,1
1.84,6.88,2.41,missing,w,missing,a,f,x,t,0
3.91,4.91,5.23,missing,p,d,a,f,f,missing,0
6.65,7.5,18.6,missing,w,d,missing,f,x,s,0
0.93,5.29,0.95,missing,p,d,u,f,f,missing,0
9.15,4.77,17.03,missing,w,d,u,f,f,missing,0
4.52,6.65,11.62,missing,n,missing,a,f,x,missing,0
11.16,7.59,19.03,missing,p,l,a,p,p,y,0
4.41,5.22,6.29,k,k,missing,a,missing,x,s,0
5.08,12.32,11.01,missing,missing,d,u,f,x,missing,1
6.88,4.48,12.34,missing,p,w,a,l,x,missing,1
8.3,2.73,16.25,missing,w,d,w,f,f,missing,0
3.55,4.67,4.5,missing,missing,g,w,f,f,missing,0
53.41,7.87,36.62,missing,y,d,s,f,o,k,0
2.67,4.33,9.82,missing,y,d,a,f,x,missing,1
1.56,5.03,1.6,missing,g,missing,u,f,c,missing,0
7.02,7.83,12.93,missing,y,g,u,f,x,s,0
7.77,5.36,14.94,missing,w,d,w,f,f,missing,0
8.1,7.16,15.82,missing,y,d,a,p,x,missing,0
10.17,10.78,22.91,missing,missing,d,a,f,x,missing,1
5.74,3.23,12.84,missing,w,d,a,missing,f,missing,0
4.52,3.1,6.43,missing,missing,d,a,f,s,missing,1
7.62,8.52,14.71,missing,w,g,u,f,x,missing,0
5.24,8.8,11.04,missing,k,d,missing,missing,p,s,1
4.35,4.7,6.14,missing,missing,d,missing,f,s,missing,0
7.43,5.51,12.36,missing,r,d,u,f,x,missing,0
5.5,5.54,8.83,missing,missing,missing,a,f,f,missing,1
47.88,8.93,106.66,missing,y,d,u,missing,o,k,0
10.66,5.74,25.03,missing,w,missing,a,f,missing,missing,1
11.13,10.16,29.44,missing,missing,missing,u,f,x,missing,1
6.41,5.3,12.21,missing,n,m,u,e,p,missing,0
7.11,6.74,14.36,missing,missing,missing,a,f,f,s,0
6.71,6.5,12.0,missing,g,d,a,f,x,missing,1
9.23,8.83,29.57,w,p,d,a,f,p,missing,1
4.1,5.0,24.16,missing,f,p,a,f,o,g,1
7.88,6.99,14.78,missing,w,g,a,f,x,missing,0
8.82,7.2,16.19,missing,missing,missing,missing,missing,o,missing,1
8.08,10.45,12.44,missing,w,d,u,p,f,missing,1
6.29,6.29,10.87,missing,y,d,a,f,x,missing,0
1.59,5.34,2.61,missing,g,d,a,f,f,missing,0
3.99,6.93,4.41,missing,n,d,a,f,x,missing,1
3.37,5.23,6.2,missing,g,d,u,missing,b,s,0
16.11,21.6,18.93,missing,w,m,a,m,p,missing,0
8.11,9.04,16.68,missing,w,d,missing,f,x,missing,0
7.01,6.65,12.85,missing,y,missing,missing,f,f,missing,1
1.27,3.56,5.52,missing,f,d,u,f,x,missing,1
10.2,7.83,22.93,missing,w,d,u,f,x,missing,0
3.73,6.11,9.65,missing,n,d,u,f,x,missing,0
9.17,7.57,13.16,missing,y,h,a,f,x,s,1
10.34,5.05,19.55,missing,b,d,a,f,missing,missing,1
3.35,6.74,4.17,missing,u,d,a,f,f,missing,0
4.9,4.69,7.37,missing,p,missing,u,f,f,missing,0
8.65,6.63,17.71,missing,w,d,w,f,f,missing,0
7.68,6.45,10.72,missing,missing,l,a,f,f,i,1
9.78,5.94,21.32,missing,w,d,w,e,x,missing,0
7.91,6.35,12.12,missing,y,missing,a,f,x,missing,0
8.54,7.4,17.41,missing,missing,missing,a,l,x,missing,0
7.5,3.53,9.62,missing,p,d,missing,f,s,missing,0
3.18,4.77,4.75,missing,e,m,a,f,missing,missing,0
2.95,6.53,2.79,missing,missing,missing,s,f,b,missing,0
14.66,16.73,15.27,missing,w,d,a,g,f,y,1
1.83,3.41,1.53,missing,n,h,s,f,b,t,1
6.78,5.72,8.56,missing,w,missing,a,f,s,s,0
8.83,5.97,12.39,missing,n,d,a,f,s,missing,1
8.2,7.39,17.27,missing,o,missing,missing,missing,s,missing,0
6.31,4.01,9.1,missing,w,d,missing,f,f,missing,0
6.5,5.15,10.51,missing,w,d,a,f,b,s,0
9.77,8.6,16.91,missing,p,d,a,p,p,y,0
5.93,7.01,5.8,missing,n,d,w,l,x,t,0
10.71,7.35,24.67,w,missing,missing,u,f,s,missing,0
21.26,18.83,73.44,missing,y,d,u,f,x,missing,0
8.26,7.4,17.32,missing,w,missing,missing,f,f,missing,1
8.12,7.21,16.13,missing,missing,missing,missing,f,x,missing,1
4.64,4.79,12.45,missing,w,d,w,f,s,missing,1
13.26,9.78,17.63,missing,w,d,u,missing,x,missing,1
7.16,8.76,12.81,missing,n,d,a,f,f,t,0
5.59,5.47,11.27,missing,p,d,a,f,c,missing,1
7.03,6.67,12.9,missing,n,d,u,f,f,missing,1
4.17,5.07,5.78,missing,o,m,missing,missing,f,missing,1
8.64,6.71,17.66,missing,w,missing,missing,f,f,s,0
5.68,6.53,11.97,missing,k,g,u,e,p,missing,0
6.06,5.17,14.32,missing,w,missing,a,f,s,missing,0
7.56,6.64,17.15,missing,w,d,u,f,x,y,1
8.45,7.84,14.45,missing,w,missing,a,p,x,y,1
8.41,6.24,13.21,missing,k,m,u,e,f,missing,0
3.78,8.3,7.01,missing,p,d,missing,f,x,missing,0
7.59,11.23,14.74,missing,w,d,a,g,f,missing,1
6.74,6.67,18.43,missing,w,d,u,f,x,s,0
7.67,2.35,14.33,missing,y,d,missing,f,f,missing,0
7.58,6.8,13.69,missing,b,missing,w,f,x,missing,0
8.69,22.89,18.51,missing,w,d,a,m,f,missing,0
3.02,7.4,3.55,missing,p,missing,a,f,f,missing,0
6.98,4.9,12.65,missing,n,w,missing,r,f,missing,1
6.37,5.16,6.29,missing,y,d,a,missing,b,i,1
2.61,4.02,2.77,missing,k,missing,a,missing,b,missing,1
7.51,6.91,14.29,missing,y,d,w,f,f,missing,0
7.74,9.03,15.08,missing,p,d,missing,p,p,missing,0
20.04,13.73,66.32,missing,w,d,u,missing,p,missing,0
3.83,4.28,5.52,missing,n,d,a,f,x,missing,0
6.03,5.14,8.58,missing,missing,missing,missing,f,s,s,0
8.59,7.24,17.57,missing,y,d,u,p,x,missing,0
7.39,1.28,13.38,missing,y,d,a,f,o,missing,1
11.22,9.6,26.69,missing,w,d,a,f,x,missing,0
4.58,5.32,6.67,missing,missing,m,u,f,b,t,1
2.91,3.65,2.57,missing,w,g,missing,f,s,h,1
0.75,3.7,0.92,missing,missing,d,w,f,x,h,1
4.1,4.88,3.62,missing,n,d,a,e,b,k,1
10.57,8.31,24.24,missing,w,d,u,f,x,missing,0
3.26,6.53,3.98,missing,n,d,u,f,missing,missing,0
3.17,5.09,4.85,missing,missing,missing,u,f,f,s,0
8.05,8.33,11.9,missing,y,d,a,f,f,t,0
7.04,6.56,12.33,missing,o,d,missing,f,f,missing,0
6.06,5.91,5.66,missing,w,d,u,missing,s,missing,1
8.34,7.7,16.82,missing,n,missing,a,p,x,missing,0
19.08,15.9,34.83,missing,w,d,a,missing,p,y,0
2.79,4.26,3.48,missing,w,d,missing,e,f,k,1
5.8,7.08,4.28,missing,w,d,a,f,f,missing,0
3.67,5.44,3.35,missing,u,d,u,f,f,missing,0
1.55,5.13,2.43,missing,missing,d,s,f,f,missing,0
3.98,5.4,7.09,missing,o,m,w,f,x,missing,0
4.55,4.97,3.45,missing,g,missing,a,f,b,s,0
3.88,3.33,5.11,missing,n,missing,missing,f,f,k,1
5.77,5.33,15.62,missing,f,d,u,f,s,missing,0
1.81,4.12,1.52,missing,missing,h,s,missing,b,t,1
1.23,1.31,2.33,missing,missing,d,a,f,x,s,1
12.0,8.87,25.13,missing,e,d,a,f,x,missing,0
4.89,5.58,7.39,missing,y,g,u,f,x,g,1
4.71,5.4,6.96,missing,o,d,missing,f,x,t,0
8.7,7.37,17.25,missing,y,missing,a,f,f,y,1
4.85,5.96,7.31,missing,missing,g,u,e,b,missing,1
3.57,6.4,7.01,missing,missing,d,a,f,missing,missing,1
8.18,11.35,16.52,missing,w,d,u,g,f,missing,0
2.63,7.58,2.87,missing,missing,missing,a,f,f,missing,0
4.8,4.5,4.13,missing,w,d,a,f,f,missing,1
4.1,6.78,5.31,missing,e,missing,u,f,f,missing,1
3.54,3.92,8.51,missing,y,missing,missing,f,x,missing,0
11.04,5.05,25.56,missing,w,d,u,f,o,missing,0
6.5,12.42,11.68,missing,w,missing,u,f,c,s,0
4.43,12.89,6.53,missing,n,g,u,missing,b,missing,1
5.55,6.13,8.98,missing,w,g,missing,f,f,i,0
12.34,7.28,30.67,missing,missing,d,missing,f,f,missing,0
5.94,7.04,10.44,missing,w,l,w,f,f,s,0
7.96,6.41,16.7,missing,w,d,u,f,f,missing,0
15.85,11.1,18.51,missing,missing,d,a,missing,x,missing,1
2.95,5.52,3.49,missing,w,missing,a,r,x,y,1
2.76,3.07,2.52,missing,w,g,u,f,s,h,1
4.7,5.44,6.95,missing,r,d,missing,f,missing,missing,0
10.31,13.28,23.66,missing,y,d,u,r,x,missing,1
11.32,17.47,12.85,missing,k,missing,u,e,missing,s,0
8.39,10.25,17.12,missing,n,h,missing,f,x,missing,1
9.01,7.4,17.44,missing,p,l,a,l,missing,y,1
8.1,4.7,15.87,missing,o,d,missing,f,s,missing,0
3.22,6.61,3.92,missing,missing,l,missing,f,s,i,0
8.57,7.92,17.55,missing,y,d,missing,f,f,y,0
4.47,7.7,12.7,missing,r,g,missing,missing,c,missing,1
3.18,2.85,10.92,missing,missing,d,a,f,missing,g,1
3.84,4.86,5.08,missing,u,d,u,f,x,missing,0
3.53,6.81,4.52,missing,missing,d,w,f,x,missing,0
8.94,9.1,18.8,missing,u,d,a,f,x,missing,0
4.25,3.09,5.86,missing,w,m,a,f,f,missing,0
3.87,6.64,8.27,missing,f,d,missing,f,s,missing,0
2.69,5.9,3.7,missing,missing,l,a,f,f,i,0
7.62,5.69,8.11,missing,n,missing,a,f,x,y,1
23.28,11.92,68.82,missing,missing,d,u,missing,p,missing,0
10.82,6.29,21.95,missing,n,d,missing,f,x,missing,0
9.81,9.17,17.71,missing,missing,d,a,p,p,y,0
4.69,7.62,8.44,missing,n,d,u,missing,missing,missing,0
4.87,6.74,8.37,missing,r,l,a,f,x,missing,0
9.09,9.87,18.45,missing,missing,h,missing,f,x,i,1
7.45,5.94,9.56,p,w,d,missing,f,x,i,0
5.21,1.35,14.32,missing,y,d,w,f,o,missing,1
1.96,4.83,1.96,missing,g,d,a,f,b,s,1
4.89,5.05,5.77,missing,n,d,a,missing,x,y,0
7.68,9.16,14.92,w,w,d,w,missing,x,i,0
4.04,4.54,6.22,missing,missing,d,a,z,x,y,1
10.72,8.38,24.79,missing,y,d,a,f,s,missing,0
6.06,6.97,10.3,missing,p,d,missing,f,x,y,0
9.2,7.79,22.31,missing,g,missing,missing,f,s,missing,0
5.49,3.9,8.73,missing,w,d,u,f,b,s,0
8.51,4.6,21.95,missing,w,missing,missing,f,o,missing,0
5.8,5.32,19.34,missing,f,missing,s,f,c,missing,0
5.68,5.24,6.46,missing,y,missing,u,missing,x,i,1
7.94,7.55,18.37,missing,missing,d,a,f,missing,s,0
16.65,8.61,27.68,missing,w,l,w,f,missing,missing,0
2.87,7.88,3.29,missing,missing,missing,missing,f,c,missing,1
1.83,3.09,1.53,missing,w,d,missing,missing,missing,missing,1
3.43,6.49,2.84,missing,k,d,a,f,b,missing,0
3.63,5.77,3.32,missing,g,d,a,f,b,s,0
6.83,5.19,12.26,missing,missing,d,a,f,x,missing,0
3.04,7.7,3.6,missing,y,g,a,f,missing,missing,1
1.32,4.71,1.43,missing,g,missing,a,missing,missing,missing,0
7.03,5.25,6.65,missing,n,d,u,missing,x,i,1
9.66,4.81,15.38,missing,p,d,u,f,x,i,1
5.84,6.05,9.71,missing,p,d,u,f,c,missing,1
5.21,5.12,8.1,k,n,m,u,e,b,y,1
10.59,14.07,24.71,missing,w,g,s,e,p,s,0
10.93,8.68,23.56,missing,e,d,u,f,x,missing,1
3.05,4.3,9.55,missing,n,d,a,f,x,missing,0
1.52,4.87,1.66,missing,w,d,u,f,x,t,0
6.69,8.07,9.61,missing,n,d,a,z,x,missing,0
12.92,7.57,32.95,missing,missing,missing,s,f,o,k,0
8.24,11.85,24.44,missing,g,d,u,f,x,y,0
7.23,7.02,13.5,missing,w,d,u,f,p,missing,0
5.69,5.96,9.33,missing,n,missing,a,z,missing,missing,1
5.38,7.06,9.38,missing,w,l,missing,f,f,s,0
3.22,3.44,4.25,missing,w,m,w,f,f,missing,1
5.56,5.81,6.64,missing,w,missing,a,r,x,s,0
7.37,4.74,16.97,missing,missing,d,a,f,missing,missing,0
4.69,5.77,6.94,missing,f,missing,a,f,s,missing,0
5.44,3.2,8.56,missing,w,g,missing,f,x,missing,1
2.87,4.6,4.21,missing,w,missing,missing,f,f,s,1
9.13,7.28,19.28,missing,u,d,missing,f,f,missing,0
5.18,6.78,9.05,missing,missing,d,a,f,x,missing,0
2.42,4.6,6.01,missing,missing,d,u,f,f,missing,0
1.51,4.7,1.46,missing,n,d,a,missing,b,t,1
14.04,7.6,16.98,missing,n,m,u,l,f,missing,0
8.15,18.8,12.13,missing,w,missing,s,e,f,s,0
9.7,3.69,25.14,missing,missing,d,s,f,o,g,1
1.75,2.17,6.4,missing,y,d,a,f,x,missing,0
7.0,7.82,12.87,missing,w,m,u,f,x,missing,0
1.18,4.86,1.81,missing,g,d,missing,f,c,missing,0
13.45,5.03,26.19,missing,n,d,a,missing,x,missing,1
3.63,4.73,4.66,missing,n,d,u,l,x,t,1
8.76,9.21,18.23,missing,missing,d,w,missing,x,i,0
1.5,4.8,1.51,missing,n,missing,s,f,b,t,1
7.26,24.14,14.09,missing,k,g,u,e,f,s,0
4.38,4.64,4.49,missing,p,d,a,f,b,i,1
9.51,6.26,20.32,missing,w,d,missing,missing,x,missing,1
8.89,6.93,18.49,missing,n,d,missing,p,x,missing,0
3.79,5.29,6.47,missing,w,d,u,f,missing,missing,1
7.16,6.73,13.26,missing,p,w,u,r,f,missing,0
6.75,5.9,12.08,missing,r,d,u,f,x,missing,0
6.87,3.31,12.22,missing,f,d,u,missing,missing,g,1
7.45,6.84,13.87,missing,w,d,u,l,x,missing,1
4.92,5.52,7.45,missing,y,d,a,missing,x,i,1
7.84,6.52,10.09,missing,w,d,a,f,x,y,1
7.6,5.92,9.38,missing,w,missing,u,f,s,missing,0
